date,Ticker,Spot,RFR,IV30,Put_IV_30,Call_IV_30,1M_25dP/25dC,1M_25dC/ATM,1M_25dP/ATM,IV90,Put_IV_90,Call_IV_90,3M_25dP/25dC,3M_25dC/ATM,3M_25dP/ATM
2025-04-22,ITA,145.38,0.0421,22.2,27.37,23.73,1.1533,1.069,1.2328,22.22,25.83,21.28,1.2137,0.9578,1.1624
2025-04-23,ITA,149.44,0.0421,33.27,32.65,24.39,1.3391,0.733,0.9816,27.16,26.21,24.96,1.0501,0.9188,0.9648
2025-04-24,ITA,152.05,0.042,24.41,23.77,23.07,1.0302,0.945,0.9735,20.22,24.17,19.09,1.2665,0.9441,1.1958
2025-04-25,ITA,153.91,0.0419,19.21,23.16,19.21,1.2053,1.0,1.2053,20.74,22.13,20.74,1.0669,1.0,1.0669
2025-04-28,ITA,154.89,0.0419,27.66,21.39,23.29,0.9186,0.8419,0.7733,23.47,,16.65,,0.7094,
2025-04-29,ITA,155.6,0.0419,24.99,24.05,20.27,1.1865,0.8111,0.9623,21.36,34.31,21.52,1.5943,1.0078,1.6067
2025-04-30,ITA,156.08,0.0419,21.3,28.89,18.12,1.5944,0.8506,1.3561,18.36,27.73,18.65,1.487,1.0159,1.5106
2025-05-01,ITA,157.71,0.0418,21.98,20.82,20.41,1.0199,0.9287,0.9472,22.48,24.97,19.46,1.2831,0.8655,1.1105
2025-05-06,ITA,159.28,0.0421,21.82,23.18,17.64,1.3142,0.8084,1.0624,,,,,,
2025-05-07,ITA,159.46,0.0422,22.05,18.87,12.47,1.5128,0.5657,0.8558,,,,,,
2025-05-08,ITA,162.57,0.0422,21.53,17.14,15.18,1.1291,0.7051,0.7961,,,,,,
2025-05-09,ITA,162.46,0.0422,18.14,24.53,18.07,1.3577,0.9958,1.3519,,,,,,
2025-05-12,ITA,164.76,0.0428,18.59,19.1,15.59,1.2249,0.8387,1.0273,,,,,,
2025-05-13,ITA,166.05,0.0428,20.84,17.3,15.76,1.0976,0.7563,0.8301,,,,,,
2025-05-14,ITA,166.23,0.0428,20.67,18.89,13.44,1.4054,0.6504,0.914,,,,,,
2025-05-15,ITA,169.76,0.0426,18.16,18.33,16.3,1.125,0.8973,1.0094,,,,,,
2025-05-16,ITA,171.03,0.0424,17.02,15.69,15.87,0.9884,0.9326,0.9218,,,,,,
2025-05-19,ITA,172.38,0.0424,17.08,19.76,13.2,1.4967,0.7729,1.1567,,,,,,
2025-05-20,ITA,172.49,0.0425,17.06,22.41,15.84,1.4151,0.9284,1.3139,,,,,,
2025-05-21,ITA,169.88,0.0424,21.88,20.01,19.51,1.0255,0.8919,0.9147,,,,,,
2025-05-22,ITA,169.3,0.0423,24.24,21.36,20.1,1.0624,0.8291,0.8809,,,,,,
2025-05-23,ITA,170.14,0.0423,22.33,22.99,19.48,1.1802,0.8724,1.0296,,,,,,
2025-05-27,ITA,174.35,0.042,17.84,21.47,15.14,1.4181,0.8486,1.2034,,,,,,
2025-05-28,ITA,174.57,0.0422,22.22,19.99,19.3,1.0356,0.8687,0.8996,,,,,,
2025-05-29,ITA,175.37,0.0423,20.87,22.06,17.96,1.2281,0.8607,1.057,,,,,,
2025-05-30,ITA,176.3,0.0423,16.19,24.61,18.35,1.3411,1.1335,1.5202,,,,,,
2025-06-02,ITA,177.29,0.0423,18.54,22.99,19.13,1.202,1.0316,1.24,,,,,,
2025-06-03,ITA,178.4,0.0424,18.28,20.54,16.55,1.2408,0.9058,1.1239,,,,,,
2025-06-04,ITA,179.18,0.0424,23.46,18.49,19.79,0.9344,0.8435,0.7882,,,,,,
2025-06-05,ITA,179.28,0.0423,20.31,17.21,20.01,0.8602,0.9851,0.8474,,,,,,
2025-06-06,ITA,180.99,0.0423,20.74,21.36,14.77,1.4458,0.7122,1.0297,,,,,,
2025-06-09,ITA,181.67,0.0424,17.95,20.69,16.51,1.2529,0.9198,1.1525,,,,,,
2025-06-10,ITA,178.18,0.0425,17.51,19.24,16.04,1.1997,0.9162,1.0991,,,,,,
2025-06-11,ITA,179.73,0.0425,18.62,20.62,17.29,1.193,0.9286,1.1079,,,,,,
2025-06-12,ITA,178.52,0.0426,19.43,22.33,17.72,1.26,0.912,1.1492,,,,,,
2025-06-13,ITA,179.26,0.0424,20.93,21.98,17.62,1.2477,0.8418,1.0504,,,,,,
2025-06-16,ITA,178.38,0.0425,20.31,18.32,17.81,1.0284,0.8772,0.902,,,,,,
2025-06-17,ITA,179.19,0.0422,24.86,23.64,18.15,1.302,0.7302,0.9508,,,,,,
2025-06-18,ITA,178.0,0.0422,21.53,21.98,18.48,1.1893,0.8583,1.0207,,,,,,
2025-06-20,ITA,179.65,0.042,20.08,22.35,18.69,1.196,0.9305,1.1129,,,,,,
2025-06-23,ITA,182.21,0.0416,18.26,22.54,16.49,1.3663,0.9032,1.234,,,,,,
2025-06-24,ITA,180.96,0.0418,20.78,20.44,17.48,1.1688,0.8414,0.9835,,,,,,
2025-06-25,ITA,181.25,0.0419,20.07,19.48,16.83,1.1577,0.8385,0.9708,,,,,,
2025-06-26,ITA,183.7,0.0419,18.59,17.32,15.7,1.1027,0.8447,0.9315,,,,,,
2025-06-27,ITA,186.73,0.042,16.87,19.71,11.75,1.6775,0.6965,1.1683,,,,,,
2025-06-30,ITA,187.82,0.0419,18.07,17.13,16.59,1.0325,0.9181,0.9479,,,,,,
2025-07-01,ITA,184.2,0.0422,17.2,17.86,16.68,1.071,0.9696,1.0384,,,,,,
2025-07-02,ITA,183.92,0.0422,18.32,17.07,15.09,1.131,0.8236,0.9315,,,,,,
2025-07-03,ITA,186.04,0.0424,17.71,17.98,15.0,1.1983,0.8471,1.0151,,,,,,
2025-07-07,ITA,187.25,0.0424,17.0,20.84,17.0,1.226,0.9998,1.2257,20.75,,15.87,,0.765,
2025-07-08,ITA,185.95,0.0425,16.13,18.93,15.27,1.2395,0.9467,1.1734,18.8,,10.91,,0.5805,
2025-07-09,ITA,188.09,0.0424,15.7,,15.62,,0.9953,,17.25,21.22,17.25,1.2301,1.0,1.2301
2025-07-10,ITA,187.83,0.0424,13.54,19.47,15.95,1.221,1.1783,1.4386,18.2,,15.9,,0.8736,
2025-07-11,ITA,188.95,0.0424,18.14,18.08,16.13,1.1213,0.889,0.9968,16.79,22.88,16.79,1.3629,1.0,1.3629
2025-07-14,ITA,192.8,0.0423,18.64,16.09,15.92,1.0108,0.8541,0.8633,16.29,18.21,12.25,1.4858,0.7524,1.118
2025-07-15,ITA,192.38,0.0423,18.18,18.64,14.9,1.2511,0.8195,1.0252,16.7,16.52,14.3,1.1555,0.8562,0.9894
2025-07-16,ITA,193.58,0.0422,19.66,19.28,16.89,1.1413,0.8593,0.9807,15.76,19.47,14.48,1.3446,0.9187,1.2353
2025-07-17,ITA,195.01,0.0424,19.7,17.44,17.07,1.0215,0.8668,0.8854,14.28,20.5,16.07,1.2757,1.1249,1.4351
2025-07-18,ITA,195.25,0.0423,19.71,17.63,16.43,1.0729,0.8337,0.8945,17.6,24.18,14.48,1.6698,0.8228,1.3739
2025-07-21,ITA,193.8,0.0422,21.27,16.09,16.3,0.9867,0.7664,0.7562,19.77,,19.29,,0.9759,
2025-07-22,ITA,191.34,0.0423,21.92,20.62,15.97,1.2914,0.7283,0.9405,20.52,,16.84,,0.8206,
2025-07-23,ITA,196.03,0.0424,20.23,18.68,16.37,1.1406,0.8092,0.923,15.96,20.42,13.69,1.4913,0.8578,1.2793
2025-07-24,ITA,195.98,0.0424,24.18,16.78,16.79,0.9992,0.6945,0.694,20.94,18.75,15.35,1.2211,0.7331,0.8952
2025-07-25,ITA,197.41,0.0424,16.54,,13.92,,0.8412,,17.57,15.94,17.57,0.9076,1.0,0.9076
2025-07-28,ITA,197.19,0.0424,16.27,18.19,15.45,1.1772,0.9495,1.1177,15.83,18.35,14.93,1.2293,0.9428,1.159
2025-07-29,ITA,196.37,0.0423,19.91,15.92,16.6,0.9593,0.8336,0.7997,17.39,,17.39,,1.0,
2025-07-30,ITA,197.77,0.0423,17.06,18.35,15.13,1.2126,0.8868,1.0753,17.15,32.48,15.25,2.1292,0.8894,1.8938
2025-07-31,ITA,195.74,0.0424,19.19,15.23,17.74,0.8583,0.9248,0.7937,18.27,25.69,14.4,1.7841,0.7884,1.4067
2025-08-05,ITA,196.68,0.0415,14.63,18.61,15.34,1.2126,1.0487,1.2717,,,,,,
2025-08-06,ITA,196.55,0.0413,18.38,18.32,16.11,1.1373,0.8761,0.9964,,,,,,
2025-08-07,ITA,196.1,0.0414,14.57,17.96,14.66,1.2255,1.0063,1.2332,,,,,,
2025-08-08,ITA,195.59,0.0413,18.62,17.43,16.17,1.0785,0.8684,0.9365,,,,,,
2025-08-11,ITA,195.4,0.0414,19.86,18.32,15.19,1.2057,0.7652,0.9226,,,,,,
2025-08-12,ITA,197.38,0.0413,14.82,18.24,13.27,1.3751,0.8949,1.2306,,,,,,
2025-08-13,ITA,195.95,0.0411,13.75,19.8,13.42,1.475,0.9765,1.4403,,,,,,
2025-08-14,ITA,195.14,0.0411,21.01,16.85,14.4,1.1706,0.6853,0.8022,,,,,,
2025-08-15,ITA,194.23,0.0411,16.14,15.68,16.17,0.9699,1.0021,0.9719,,,,,,
2025-08-18,ITA,195.08,0.0412,16.95,21.93,15.3,1.4328,0.9029,1.2937,,,,,,
2025-08-19,ITA,192.4,0.0411,16.17,18.82,17.19,1.0948,1.0634,1.1642,,,,,,
2025-08-20,ITA,193.46,0.0411,17.24,18.49,15.46,1.1958,0.8966,1.0721,,,,,,
2025-08-21,ITA,194.11,0.0413,19.57,17.6,16.0,1.1,0.8173,0.8991,,,,,,
2025-08-22,ITA,194.96,0.0409,16.7,14.57,17.43,0.836,1.0438,0.8726,,,,,,
2025-08-25,ITA,194.51,0.0409,16.57,16.02,15.15,1.0575,0.9139,0.9664,,,,,,
2025-08-26,ITA,199.11,0.0409,15.52,17.44,14.19,1.2293,0.9138,1.1234,,,,,,
2025-08-27,ITA,198.37,0.0406,17.41,19.21,14.63,1.3127,0.8402,1.103,,,,,,
2025-08-28,ITA,199.29,0.0407,15.67,15.3,13.67,1.1188,0.8725,0.9762,,,,,,
2025-08-29,ITA,197.55,0.0404,17.87,18.88,14.79,1.277,0.8274,1.0566,,,,,,
2025-09-02,ITA,197.63,0.0403,16.61,22.45,14.56,1.5417,0.8765,1.3514,,,,,,
2025-09-03,ITA,196.08,0.0402,18.98,20.22,16.73,1.2085,0.8816,1.0653,,,,,,
2025-09-04,ITA,197.65,0.04,17.58,21.88,16.32,1.341,0.9281,1.2445,,,,,,
2025-09-05,ITA,197.27,0.0391,11.79,27.44,13.66,2.0089,1.1584,2.3271,15.37,26.52,15.37,1.7253,1.0,1.7253
2025-09-08,ITA,196.79,0.0393,18.61,20.21,17.7,1.1415,0.9513,1.0859,,,,,,
2025-09-09,ITA,195.37,0.0394,15.16,19.22,15.16,1.2677,1.0,1.2677,17.49,25.91,17.49,1.4818,1.0,1.4818
2025-09-10,ITA,198.03,0.0393,14.62,22.08,14.06,1.5708,0.9615,1.5104,19.16,22.75,13.95,1.631,0.7281,1.1876
2025-09-11,ITA,199.2,0.0393,17.89,18.37,15.37,1.1946,0.8593,1.0265,22.47,18.73,16.31,1.1486,0.7255,0.8334
2025-09-12,ITA,198.55,0.0393,18.64,19.36,15.91,1.2168,0.8535,1.0385,18.71,21.62,15.9,1.3598,0.8494,1.155
2025-09-15,ITA,200.94,0.039,18.36,21.12,14.82,1.4249,0.8072,1.1501,17.9,23.22,15.17,1.5301,0.8479,1.2974
2025-09-16,ITA,201.76,0.0389,18.92,21.32,16.41,1.299,0.8676,1.127,18.27,,16.81,,0.9202,
2025-09-17,ITA,200.39,0.0387,19.99,19.84,14.98,1.3241,0.7494,0.9924,18.37,20.45,16.41,1.2463,0.8935,1.1136
2025-09-18,ITA,202.84,0.0388,15.65,22.66,15.02,1.5088,0.9593,1.4475,16.08,18.5,16.08,1.1506,1.0,1.1506
2025-09-19,ITA,203.27,0.0388,17.25,21.56,17.25,1.2497,1.0,1.2497,19.8,,16.03,,0.8098,
2025-09-22,ITA,204.16,0.0385,16.17,19.06,15.81,1.2062,0.9774,1.1789,17.21,23.8,16.17,1.4713,0.9399,1.3828
2025-09-23,ITA,206.03,0.0385,16.54,20.32,15.48,1.3132,0.9355,1.2285,18.23,22.18,15.61,1.4211,0.8562,1.2167
2025-09-24,ITA,203.54,0.0386,21.37,19.68,17.83,1.1038,0.8344,0.921,20.08,20.29,16.57,1.2245,0.8255,1.0109
2025-09-25,ITA,202.98,0.0388,17.48,22.43,17.25,1.3004,0.9872,1.2838,18.61,,17.09,,0.9181,
2025-09-26,ITA,205.57,0.0386,15.61,20.99,15.54,1.3506,0.9959,1.345,17.79,20.19,17.79,1.1348,1.0,1.1348
2025-09-29,ITA,205.31,0.0386,15.24,17.2,16.78,1.0254,1.1005,1.1285,18.74,21.52,22.6,0.9524,1.2061,1.1486
2025-09-30,ITA,209.12,0.0385,15.22,17.68,13.65,1.2956,0.897,1.1621,18.6,20.47,15.39,1.3304,0.8271,1.1004
2025-10-01,ITA,209.11,0.0385,17.49,21.23,14.12,1.5036,0.8073,1.2138,18.24,24.65,17.48,1.4108,0.9579,1.3514
2025-10-02,ITA,209.24,0.0385,15.51,19.98,13.97,1.4301,0.9008,1.2883,17.69,24.89,17.69,1.4072,1.0,1.4072
2025-10-07,ITA,212.82,0.0384,17.77,21.07,15.91,1.3238,0.8956,1.1855,19.09,33.1,16.61,1.9922,0.8701,1.7335
2025-10-08,ITA,215.02,0.0384,17.93,21.86,16.23,1.3465,0.9053,1.219,18.53,25.34,16.15,1.5687,0.8716,1.3672
2025-10-09,ITA,211.1,0.0385,18.51,24.89,16.94,1.4696,0.9151,1.3448,24.55,19.17,16.58,1.1564,0.6754,0.781
2025-10-10,ITA,205.91,0.0385,26.2,22.28,21.54,1.0343,0.8222,0.8504,20.9,18.03,16.09,1.1206,0.7697,0.8625
2025-10-13,ITA,208.98,0.0385,20.09,22.42,18.53,1.2098,0.9225,1.116,20.52,,20.52,,1.0,
2025-10-14,ITA,210.61,0.0385,23.5,29.2,20.06,1.456,0.8537,1.2429,18.88,21.68,18.88,1.1482,1.0,1.1482
2025-10-15,ITA,207.55,0.0386,20.67,25.31,24.19,1.0463,1.1706,1.2248,23.08,25.37,21.06,1.2044,0.9127,1.0993
2025-10-16,ITA,206.12,0.0385,25.84,24.77,26.16,0.9468,1.0123,0.9585,21.71,,20.21,,0.9313,
2025-10-17,ITA,205.8,0.0383,23.67,28.3,18.89,1.498,0.7982,1.1957,20.53,,20.53,,1.0,
2025-10-20,ITA,209.47,0.038,20.27,23.94,17.49,1.3694,0.8625,1.1811,20.95,,20.06,,0.9575,
2025-10-21,ITA,213.22,0.0379,18.24,21.78,16.03,1.3589,0.8785,1.1939,20.06,30.66,17.64,1.7382,0.8794,1.5286
2025-10-22,ITA,210.4,0.0379,18.13,21.32,21.09,1.0109,1.1635,1.1762,19.06,,17.85,,0.9364,
2025-10-23,ITA,215.58,0.0379,17.02,33.39,15.64,2.1348,0.9187,1.9613,18.65,20.88,18.08,1.1547,0.9698,1.1198
2025-10-24,ITA,216.72,0.0376,16.58,42.06,16.47,2.553,0.9935,2.5363,18.44,23.86,18.56,1.2851,1.0065,1.2935
2025-10-27,ITA,218.76,0.0372,13.94,20.63,14.2,1.4528,1.0186,1.4798,18.18,24.91,16.75,1.4874,0.9211,1.37
2025-10-28,ITA,217.4,0.0372,21.76,18.33,20.58,0.8908,0.9456,0.8423,21.28,20.31,18.81,1.0794,0.8843,0.9544
2025-10-29,ITA,217.31,0.0373,18.49,27.51,17.75,1.5501,0.9595,1.4873,21.42,,16.28,,0.76,
2025-10-30,ITA,215.17,0.0376,22.54,18.41,19.4,0.949,0.8606,0.8167,21.14,23.31,21.14,1.1022,1.0,1.1022
2025-10-31,ITA,215.65,0.0372,21.49,27.32,18.02,1.5155,0.8386,1.2709,21.47,26.18,19.77,1.3242,0.9209,1.2194
2025-11-03,ITA,214.84,0.0378,20.7,23.58,20.7,1.1395,1.0,1.1395,,,,,,
2025-11-04,ITA,211.62,0.0379,19.83,30.98,22.13,1.4003,1.1156,1.5621,,,,,,
2025-11-05,ITA,209.33,0.0379,25.7,20.72,22.8,0.9088,0.8872,0.8063,,,,,,
2025-11-06,ITA,207.44,0.0376,23.41,22.17,20.31,1.0915,0.8676,0.947,,,,,,
2025-11-07,ITA,208.9,0.0376,16.17,28.8,18.07,1.5938,1.1172,1.7806,,,,,,
2025-11-10,ITA,210.83,0.0378,23.36,31.43,23.36,1.3453,1.0,1.3453,,,,,,
2025-11-11,ITA,210.37,0.0378,20.08,23.76,19.62,1.2111,0.9772,1.1834,,,,,,
2025-11-12,ITA,209.5,0.0378,25.71,21.58,17.79,1.213,0.6918,0.8392,,,,,,
2025-11-13,ITA,204.91,0.0379,22.16,27.14,19.55,1.3881,0.8826,1.2251,,,,,,
2025-11-14,ITA,205.81,0.0379,22.87,25.15,19.59,1.284,0.8563,1.0995,,,,,,
2025-11-17,ITA,203.68,0.0377,21.32,55.45,19.64,2.8236,0.9212,2.601,,,,,,
2025-11-18,ITA,202.63,0.0377,24.21,22.63,20.53,1.1021,0.8481,0.9347,,,,,,
2025-11-19,ITA,203.0,0.0377,21.7,24.66,22.15,1.113,1.021,1.1363,,,,,,
2025-11-20,ITA,198.64,0.0378,26.69,26.08,22.65,1.1512,0.8487,0.977,,,,,,
2025-11-21,ITA,198.1,0.0374,21.04,27.25,20.45,1.3327,0.9716,1.2948,,,,,,
2025-11-24,ITA,200.56,0.0373,19.84,29.44,16.66,1.7667,0.8398,1.4837,,,,,,
2025-11-25,ITA,202.27,0.0373,16.34,23.61,29.63,0.7967,1.8136,1.4449,,,,,,
2025-11-26,ITA,203.57,0.0375,20.1,23.8,15.34,1.5509,0.7634,1.1839,,,,,,
2025-11-28,ITA,204.97,0.037,16.82,40.93,16.28,2.5142,0.968,2.4338,,,,,,
2025-12-01,ITA,199.11,0.0369,59.24,20.0,18.53,1.0793,0.3127,0.3376,,,,,,
2025-12-02,ITA,201.18,0.0367,18.09,19.63,16.67,1.1778,0.9215,1.0853,,,,,,
2025-12-03,ITA,201.49,0.0363,16.34,22.96,15.67,1.4652,0.9589,1.405,,,,,,
2025-12-04,ITA,204.54,0.0361,13.22,22.24,15.72,1.4155,1.1883,1.682,,,,,,
2025-12-05,ITA,202.28,0.036,15.76,20.17,15.76,1.28,1.0,1.28,,,,,,
2025-12-08,ITA,204.22,0.0362,16.72,19.44,16.72,1.1624,1.0,1.1624,,,,,,
2025-12-09,ITA,202.5,0.0363,19.17,28.71,21.25,1.3507,1.1088,1.4977,,,,,,
2025-12-10,ITA,204.31,0.0359,12.83,28.64,18.65,1.536,1.4537,2.2328,,,,,,
2025-12-11,ITA,208.13,0.0357,16.6,18.96,14.08,1.3468,0.848,1.1421,,,,,,
2025-12-12,ITA,209.27,0.0353,18.6,17.2,16.42,1.0476,0.8827,0.9248,,,,,,
2025-12-15,ITA,209.5,0.0354,16.67,,15.89,,0.9535,,,,,,,
2025-12-16,ITA,207.82,0.0355,15.78,17.07,16.04,1.0641,1.0162,1.0814,,,,,,
2025-12-17,ITA,204.67,0.0354,19.1,18.24,17.11,1.0661,0.8959,0.9552,,,,,,
2025-12-18,ITA,208.11,0.0352,18.4,19.16,17.25,1.1104,0.938,1.0416,,,,,,
2025-12-19,ITA,213.77,0.0352,16.34,19.22,15.13,1.2697,0.9261,1.1758,,,,,,
2025-12-22,ITA,219.22,0.0353,15.87,17.72,15.44,1.1477,0.9728,1.1165,,,,,,
2025-12-23,ITA,219.55,0.0355,16.61,23.49,15.03,1.5627,0.9048,1.4139,,,,,,
2025-12-24,ITA,220.06,0.0356,15.99,17.43,15.22,1.1457,0.9518,1.0906,,,,,,
2025-12-26,ITA,217.93,0.0354,14.54,20.27,14.28,1.4194,0.9824,1.3943,,,,,,
2025-12-29,ITA,216.86,0.0354,19.23,20.53,16.18,1.2689,0.8413,1.0676,,,,,,
2025-12-30,ITA,216.2,0.0354,19.79,18.08,16.64,1.0863,0.8409,0.9135,,,,,,
2025-12-31,ITA,214.55,0.0355,18.12,16.08,16.8,0.957,0.9275,0.8876,,,,,,
2026-01-06,ITA,230.06,0.0352,18.22,21.17,19.63,1.0787,1.0775,1.1622,17.62,23.72,18.04,1.3153,1.0234,1.3461
2026-01-07,ITA,226.26,0.0352,21.71,24.51,19.52,1.2558,0.8992,1.1291,22.69,24.67,20.65,1.1947,0.91,1.0872
2026-01-08,ITA,227.28,0.0351,23.12,25.95,22.16,1.1712,0.9585,1.1225,23.64,27.64,22.34,1.237,0.9453,1.1693
2026-01-09,ITA,232.82,0.0351,21.18,24.3,20.7,1.1738,0.9775,1.1475,23.03,26.62,19.76,1.3474,0.8577,1.1557
2026-01-12,ITA,236.4,0.0353,20.19,25.13,20.38,1.2334,1.0095,1.2451,21.93,25.79,21.65,1.1912,0.9871,1.1758
2026-01-13,ITA,237.39,0.0356,21.61,25.64,21.75,1.1789,1.0062,1.1862,22.82,23.84,23.2,1.0279,1.0165,1.0449
2026-01-14,ITA,239.0,0.0356,20.96,25.79,21.28,1.2118,1.015,1.23,22.25,26.49,20.48,1.2936,0.9206,1.1909
2026-01-15,ITA,241.05,0.0357,21.64,24.24,22.25,1.0893,1.0283,1.1201,19.31,23.13,21.92,1.0553,1.1353,1.1981
2026-01-16,ITA,243.61,0.0356,21.82,21.83,20.75,1.0523,0.9508,1.0005,21.74,24.83,21.33,1.1641,0.9809,1.1419
2026-01-20,ITA,237.75,0.0357,23.93,25.92,23.62,1.0973,0.9868,1.0828,26.74,23.73,23.46,1.0117,0.8773,0.8875
2026-01-21,ITA,240.11,0.0359,22.55,26.09,27.21,0.9592,1.2065,1.1573,19.99,27.92,19.11,1.4609,0.9563,1.397
2026-01-22,ITA,235.67,0.0359,26.24,23.63,22.86,1.0338,0.8713,0.9008,20.45,21.85,23.28,0.9387,1.1384,1.0686
2026-01-23,ITA,234.92,0.0358,22.59,23.82,21.82,1.0915,0.9662,1.0546,22.06,27.17,22.14,1.2276,1.0034,1.2319
2026-01-26,ITA,233.23,0.0358,21.91,23.59,22.47,1.0499,1.0257,1.0769,22.18,27.08,23.18,1.1681,1.0451,1.2208
2026-01-27,ITA,236.87,0.0357,21.7,23.44,21.84,1.0733,1.0063,1.0801,21.92,24.96,22.13,1.128,1.0096,1.1388
2026-01-28,ITA,233.54,0.0358,23.32,24.58,22.51,1.0919,0.9654,1.0541,23.89,24.66,22.75,1.0838,0.9524,1.0321
2026-01-29,ITA,232.63,0.0358,21.98,23.67,21.11,1.1211,0.9606,1.0769,22.33,33.63,21.55,1.5607,0.9651,1.5062
2026-01-30,ITA,232.23,0.0357,22.67,25.34,23.3,1.0877,1.0276,1.1177,19.92,25.22,20.47,1.2319,1.0273,1.2655
2026-02-02,ITA,231.01,0.0358,23.08,24.29,22.19,1.0946,0.9616,1.0525,,,,,,
2026-02-03,ITA,234.34,0.0359,19.44,28.78,21.84,1.3178,1.1238,1.4809,,,,,,
2026-02-04,ITA,227.85,0.036,18.84,30.84,24.1,1.2796,1.2797,1.6374,,,,,,
2026-02-05,ITA,226.03,0.0358,24.42,28.88,27.67,1.0436,1.1332,1.1826,,,,,,
2026-02-06,ITA,233.78,0.0359,24.41,25.43,23.07,1.1024,0.9448,1.0416,,,,,,
2026-02-09,ITA,234.69,0.0359,24.39,26.73,25.19,1.0611,1.0328,1.0959,,,,,,
2026-02-10,ITA,233.06,0.0359,24.52,25.21,23.69,1.0641,0.9663,1.0282,,,,,,
2026-02-11,ITA,230.8,0.036,24.49,27.94,25.3,1.1042,1.0333,1.1409,,,,,,
2026-02-12,ITA,232.38,0.036,27.49,27.08,27.85,0.9724,1.013,0.9851,,,,,,
2026-02-13,ITA,234.72,0.0359,22.67,25.25,26.46,0.9542,1.1676,1.1141,,,,,,
2026-02-17,ITA,238.02,0.0359,24.54,28.51,29.86,0.955,1.2165,1.1617,,,,,,
2026-02-18,ITA,240.16,0.036,24.64,27.1,24.38,1.1115,0.9894,1.0998,,,,,,
2026-02-19,ITA,243.33,0.036,25.7,28.58,25.04,1.1413,0.9743,1.112,,,,,,
2026-02-20,ITA,243.49,0.036,23.41,26.7,23.89,1.1179,1.0203,1.1407,,,,,,
2026-02-23,ITA,241.1,0.0359,26.19,34.58,26.21,1.3193,1.0006,1.3201,,,,,,
2026-02-24,ITA,242.95,0.0359,25.11,29.67,25.97,1.1422,1.0345,1.1816,,,,,,
2026-02-25,ITA,241.06,0.0359,23.2,27.68,23.32,1.1867,1.0055,1.1933,,,,,,
2026-02-26,ITA,242.66,0.0359,24.57,32.53,24.32,1.3378,0.9898,1.3241,,,,,,
2026-02-27,ITA,243.56,0.0358,25.29,31.17,22.9,1.361,0.9056,1.2325,,,,,,
2026-03-02,ITA,250.42,0.0359,26.74,25.05,25.98,0.9642,0.9718,0.9369,,,,,,
2026-03-03,ITA,244.82,0.036,28.88,26.99,28.3,0.9538,0.9799,0.9347,,,,,,
2026-03-04,ITA,246.81,0.036,23.34,25.24,25.2,1.0019,1.0796,1.0817,,,,,,
2026-03-05,ITA,239.88,0.0359,26.31,31.79,25.22,1.2603,0.9588,1.2084,,,,,,
2026-03-06,ITA,242.04,0.0357,24.94,28.85,26.31,1.0964,1.0551,1.1568,,,,,,
2026-03-09,ITA,241.83,0.0359,26.54,29.19,26.41,1.1054,0.9948,1.0997,,,,,,
2026-03-10,ITA,239.56,0.036,27.88,26.36,27.17,0.9703,0.9743,0.9453,,,,,,
2026-03-11,ITA,238.53,0.036,26.04,27.93,26.37,1.0594,1.0127,1.0728,,,,,,
2026-03-12,ITA,231.34,0.0361,27.59,27.04,27.37,0.9878,0.9919,0.9798,,,,,,
2026-03-13,ITA,229.19,0.036,29.0,30.63,28.73,1.0663,0.9908,1.0564,,,,,,
2026-03-16,ITA,232.66,0.0361,25.83,27.87,26.33,1.0587,1.0193,1.0791,,,,,,
2026-03-17,ITA,232.9,0.0361,24.08,27.81,25.07,1.1095,1.0411,1.1551,,,,,,
2026-03-18,ITA,231.43,0.0361,26.15,26.44,26.35,1.0037,1.0076,1.0113,,,,,,
2026-03-19,ITA,227.32,0.0361,27.91,29.34,27.28,1.0756,0.9772,1.0511,,,,,,
2026-03-20,ITA,222.56,0.0362,27.14,28.48,27.1,1.0508,0.9987,1.0494,,,,,,
2026-03-23,ITA,223.35,0.0361,31.34,27.68,27.68,0.9997,0.8833,0.8831,,,,,,
2026-03-24,ITA,222.64,0.0362,26.54,32.54,26.5,1.2282,0.9983,1.2261,,,,,,
2026-03-25,ITA,225.86,0.0362,28.34,30.06,28.56,1.0526,1.0075,1.0605,,,,,,
2026-03-26,ITA,220.12,0.0362,32.52,31.87,28.13,1.1329,0.865,0.9799,,,,,,
2026-03-27,ITA,216.04,0.0361,32.68,32.48,31.06,1.0457,0.9505,0.994,,,,,,
2026-03-30,ITA,210.79,0.036,35.03,35.62,29.25,1.2177,0.835,1.0168,,,,,,
2026-03-31,ITA,218.75,0.036,25.27,31.43,28.3,1.1104,1.1197,1.2434,,,,,,
2026-04-01,ITA,223.64,0.0361,30.5,30.95,28.74,1.0767,0.9425,1.0147,,,,,,
2026-04-02,ITA,221.91,0.0361,28.1,29.68,29.32,1.012,1.0436,1.0562,,,,,,
2026-04-06,ITA,225.2,0.0362,26.13,30.33,27.47,1.1041,1.0512,1.1606,25.1,29.43,24.61,1.1956,0.9807,1.1725
2026-04-07,ITA,223.3,0.0362,27.86,31.23,27.84,1.1217,0.9994,1.1211,25.82,28.58,24.65,1.1592,0.9548,1.1068
2026-04-08,ITA,232.17,0.036,26.0,26.7,24.63,1.0841,0.9473,1.027,26.1,27.06,24.57,1.1014,0.9411,1.0365
2026-04-09,ITA,231.76,0.0359,28.51,27.05,25.16,1.0748,0.8826,0.9486,25.98,26.38,24.64,1.0706,0.9485,1.0155
2026-04-10,ITA,229.64,0.0359,27.11,26.22,23.98,1.0931,0.8845,0.9669,24.79,26.33,24.6,1.0701,0.9926,1.0622
2026-04-13,ITA,232.81,0.036,22.47,29.9,23.42,1.2768,1.0422,1.3307,23.22,28.48,23.15,1.23,0.9968,1.2261
2026-04-14,ITA,235.43,0.0361,25.31,27.83,25.06,1.1107,0.9899,1.0995,23.49,26.4,22.09,1.1951,0.9404,1.1239
2026-04-15,ITA,234.0,0.0361,26.71,27.15,26.58,1.0215,0.9951,1.0165,25.29,28.16,23.91,1.1777,0.9455,1.1136
2026-04-16,ITA,229.03,0.0361,26.21,26.78,27.08,0.989,1.0328,1.0215,28.07,24.8,25.43,0.9751,0.9058,0.8833
2026-04-17,ITA,231.94,0.036,23.84,23.98,24.2,0.9906,1.0151,1.0056,24.8,23.85,23.05,1.0345,0.9295,0.9616
2026-04-20,ITA,231.85,0.036,22.98,26.46,23.56,1.1231,1.0254,1.1517,23.63,24.82,22.51,1.1026,0.9526,1.0504
2026-04-21,ITA,223.09,0.036,28.25,26.79,26.24,1.021,0.9287,0.9482,24.12,24.65,24.36,1.0117,1.0102,1.022
