Ticker,Spread_Type,Expiration,Strike 1,Strike 2,S1 %spot,S2 %spot,Cost,Cost % Spot,Payout Ratio,Flag
EFA,PUT,2026-05-15,98.0,93.0,96.10669689793326,91.20329399497749,0.5630000000000001,0.5521231668728207,7.880994671403196,✅ Viable
EFA,PUT,2026-05-22,98.5,91.0,96.59703718822884,89.24193283379516,0.6980000000000002,0.6845150452526269,9.744985673352433,✅ Viable
EFA,CALL,2026-05-22,111.0,120.0,108.85554444561829,117.68166967093869,0.0950500000000003,0.09321368918518964,93.68700683850575,⚠️ Micro-Premium
EFA,PUT,2026-05-29,98.0,91.0,96.10669689793326,89.24193283379516,0.531,0.5207413882939037,12.182674199623353,✅ Viable
EFA,CALL,2026-05-29,108.0,109.0,105.91350270384483,106.89418328443598,0.7805000000000002,0.7654211931513972,0.28122998078155,✅ Viable
VGK,CALL,2026-05-15,92.0,95.0,105.57723277988558,109.01996863140357,0.6640000000000001,0.7619922018026526,3.5180722891566254,✅ Viable
DIA,PUT,2026-05-08,482.0,466.0,97.42096986139408,94.18707874566317,2.1182000000000003,0.4281267600838278,6.553583231045226,✅ Viable
DIA,CALL,2026-05-08,506.0,513.0,102.27180653499049,103.68663389812276,1.6497500000000005,0.3334444917610684,3.2430671313835413,✅ Viable
DIA,PUT,2026-05-15,480.0,460.0,97.01673347192774,92.97436957726407,2.311,0.46709514802838537,7.654262224145392,✅ Viable
DIA,CALL,2026-05-15,508.0,520.0,102.67604292445685,105.10146126125504,2.1815,0.4409208418104382,4.50080220032088,✅ Viable
DIA,PUT,2026-05-22,474.0,457.0,95.80402430352864,92.36801499306453,4.359999999999999,0.8812353290366768,2.89908256880734,✅ Viable
DIA,CALL,2026-05-22,510.0,525.0,103.0802793139232,106.11205223492095,2.4925,0.5037796003724581,5.018054162487462,✅ Viable
DIA,PUT,2026-05-29,478.0,453.0,96.61249708246136,91.5595422141318,3.1319999999999997,0.6330341859043284,6.98212005108557,✅ Viable
DIA,CALL,2026-05-29,510.0,525.0,103.0802793139232,106.11205223492095,3.1505,0.6367733725068923,3.7611490239644496,✅ Viable
INDA,PUT,2026-05-15,48.0,45.0,96.03841624575627,90.03601523039649,0.3801,0.7605042086460824,6.892659826361483,✅ Viable
INDA,CALL,2026-05-15,52.0,55.0,104.04161759956929,110.04401861492906,0.2795000000000001,0.5592236945976851,9.733452593917708,✅ Viable
IWM,PUT,2026-05-08,267.0,256.0,96.57117671816177,92.59258891329368,1.7367499999999998,0.6281647609186046,5.333669209730819,✅ Viable
IWM,CALL,2026-05-08,285.0,294.0,103.08159312612773,106.33680133011072,1.32095,0.47777414189459094,5.813278322419471,✅ Viable
IWM,PUT,2026-05-15,265.0,252.0,95.84779711727666,91.14582971152346,1.9825,0.7170500293773622,5.557377049180328,✅ Viable
IWM,CALL,2026-05-15,287.0,296.0,103.80497272701284,107.06018093099581,1.7420000000000004,0.6300636323709282,4.166475315729046,✅ Viable
IWM,PUT,2026-05-22,264.0,247.5,95.48610731683411,89.51822560953198,2.1965000000000003,0.7944516466720687,6.5119508308672875,✅ Viable
IWM,CALL,2026-05-22,289.0,299.0,104.52835232789795,108.14525033232347,1.6360000000000001,0.5917245135240174,5.112469437652812,✅ Viable
IWM,PUT,2026-05-29,263.0,246.0,95.12441751639156,88.97569090886815,2.6795,0.9691478202858219,5.344467251352864,✅ Viable
IWM,CALL,2026-05-29,290.0,300.0,104.8900421283405,108.50694013276603,1.9025,0.6881148453419579,4.256241787122208,✅ Viable
FXI,CALL,2026-05-08,38.5,39.0,104.13848722958679,105.4909351156853,0.19050000000000003,0.5152826446035399,1.6246719160104983,✅ Viable
FXI,PUT,2026-05-15,35.5,34.0,96.0237999129956,91.9664562547,0.17900000000000005,0.48417634322327374,7.379888268156423,✅ Viable
FXI,CALL,2026-05-15,38.5,40.0,104.13848722958679,108.19583088788237,0.262,0.7086826923156295,4.7251908396946565,✅ Viable
FXI,PUT,2026-05-22,35.5,32.5,96.0237999129956,87.90911259640443,0.225,0.6086015487443384,12.333333333333332,✅ Viable
FXI,CALL,2026-05-29,41.5,42.0,112.25317454617796,113.60562243227648,0.61755,1.670408384120294,-0.19034895959841314,✅ Viable
EWJ,PUT,2026-05-08,84.0,79.5,95.71558563730001,90.58796497815894,0.663,0.755469443780118,5.78733031674208,✅ Viable
EWJ,PUT,2026-05-15,84.0,77.0,95.71558563730001,87.73928683419169,0.65825,0.7500569553065802,9.634257500949488,✅ Viable
EWJ,CALL,2026-05-15,92.0,97.0,104.83135569799526,110.52871198592977,0.53175,0.6059138412218367,8.402914903620124,✅ Viable
EWJ,PUT,2026-05-22,83.5,75.0,95.14585000850656,85.46034431901788,0.9475,1.0796490165635924,7.970976253298153,✅ Viable
EWJ,CALL,2026-05-22,96.0,100.0,109.38924072834288,113.9471257586905,1.705,1.942798494185673,1.346041055718475,✅ Viable
EWJ,PUT,2026-05-29,83.0,70.0,94.57611437971312,79.76298803108335,0.6319500000000001,0.7200888612320447,19.571247725294718,✅ Viable
EWJ,CALL,2026-05-29,94.0,100.0,107.11029821316906,113.9471257586905,0.7175,0.8175706273186043,7.362369337979094,✅ Viable
EWZ,CALL,2026-05-08,42.5,44.5,104.70559211685624,109.63291409882594,0.14395000000000002,0.35464399965226956,12.893713094824589,✅ Viable
EWZ,PUT,2026-05-15,39.0,36.5,96.08277864840925,89.92362617094713,0.4170000000000001,1.0273466332406838,4.995203836930454,✅ Viable
EWZ,CALL,2026-05-15,43.0,45.0,105.93742261234867,110.86474459431837,0.263,0.6479428406290163,6.604562737642586,✅ Viable
EWZ,PUT,2026-05-22,38.5,31.0,94.85094815291683,76.37349072053044,0.10255000000000009,0.25264843462549685,72.1350560702096,⚠️ Micro-Premium
EWZ,CALL,2026-05-22,44.0,46.0,108.40108360333352,113.32840558530322,0.33000000000000007,0.8130081270250016,5.06060606060606,✅ Viable
EWZ,PUT,2026-05-29,38.5,35.0,94.85094815291683,86.22813468446984,0.44600000000000006,1.0987928019792446,6.847533632286994,✅ Viable
EWZ,CALL,2026-05-29,44.0,47.0,108.40108360333352,115.79206657628806,0.18050000000000002,0.4446908088727659,15.620498614958448,✅ Viable
EWY,PUT,2026-05-08,144.0,132.0,92.426185609356,84.72400347524301,2.3432500000000003,1.5040115238133576,4.121092499733275,✅ Viable
EWY,CALL,2026-05-08,170.0,190.0,109.11424689993419,121.95121712345585,1.8202000000000003,1.168292660042707,9.987803538072738,✅ Viable
EWY,PUT,2026-05-15,143.0,129.0,91.78433709817992,82.79845794171476,2.57365,1.6518934207883271,4.439745109086316,✅ Viable
EWY,CALL,2026-05-15,170.0,185.0,109.11424689993419,118.74197456757543,2.6485,1.6999357818498568,4.663583160279404,✅ Viable
EWY,PUT,2026-05-22,142.0,123.0,91.14248858700384,78.94736687465826,2.73855,1.7577342402812632,5.937978127111062,✅ Viable
EWY,CALL,2026-05-22,175.0,195.0,112.32348945581458,125.16045967933627,2.0712000000000006,1.3293966363479042,8.656237929702584,✅ Viable
EWY,PUT,2026-05-29,140.5,123.0,90.17971582023972,78.94736687465826,3.15145,2.022753490545868,4.552999412968633,✅ Viable
EWY,CALL,2026-05-29,175.0,190.0,112.32348945581458,121.95121712345585,3.016,1.9358151097070675,3.973474801061008,✅ Viable
EEM,PUT,2026-05-15,60.5,58.0,95.45597819567712,91.51151628676485,0.6015000000000001,0.9490375352842941,3.1562759767248534,✅ Viable
EEM,CALL,2026-05-15,66.0,69.0,104.13379439528411,108.86714868597886,0.48200000000000004,0.7604922560382871,5.224066390041493,✅ Viable
EEM,PUT,2026-05-22,60.5,53.0,95.45597819567712,83.62259246894028,0.3765,0.594035963482189,18.9203187250996,✅ Viable
EEM,CALL,2026-05-22,67.0,70.0,105.71157915884903,110.44493344954375,0.4925000000000001,0.7770589960557188,5.091370558375633,✅ Viable
EEM,PUT,2026-05-29,60.0,48.0,94.66708581389466,75.73366865111572,0.1895500000000001,0.29906910193372904,62.307834344500094,⚠️ Micro-Premium
EEM,CALL,2026-05-29,73.0,79.0,115.1782877402385,124.64499632162797,0.4950000000000001,0.7810034579646311,11.12121212121212,✅ Viable
EWW,PUT,2026-05-15,75.0,64.0,95.74875302794328,81.70560258384492,0.31020000000000003,0.39601684252357344,34.46099290780141,✅ Viable
EWW,CALL,2026-05-15,83.0,85.0,105.96195335092389,108.51525343166905,0.43884999999999996,0.5602578702175054,3.5573658425430104,✅ Viable
QQQ,PUT,2026-05-08,634.0,610.0,96.77764256024369,93.11413558635434,3.898199999999999,0.5950451202339777,5.156687702016317,✅ Viable
QQQ,CALL,2026-05-08,674.0,690.0,102.88348751672596,105.32582549931885,3.2107500000000004,0.49010854235063483,3.983259363077162,✅ Viable
QQQ,PUT,2026-05-15,632.0,601.0,96.4723503124196,91.74032047114584,4.319500000000001,0.6593549322381274,6.176756569047343,✅ Viable
QQQ,CALL,2026-05-15,680.0,695.0,103.79936426019829,106.08905611887913,2.982500000000001,0.45526706456770805,4.029337803855824,✅ Viable
QQQ,PUT,2026-05-22,628.0,592.0,95.86176581677137,90.36650535593733,4.6725,0.7132390139790832,6.704654895666131,✅ Viable
QQQ,CALL,2026-05-22,680.0,700.0,103.79936426019829,106.8522867384394,4.3135,0.658439055494655,3.636606004404775,✅ Viable
QQQ,PUT,2026-05-29,627.0,587.0,95.7091196928593,89.60327473637705,5.348500000000001,0.8164277937436333,6.478732354865849,✅ Viable
QQQ,CALL,2026-05-29,685.0,705.0,104.56259487975856,107.6155173579997,3.9875000000000007,0.6086764190993246,4.015673981191222,✅ Viable
LQD,PUT,2026-05-08,108.5,105.0,98.79803341969374,95.6110000835746,0.07665,0.06979603006100946,44.66210045662101,⚠️ Micro-Premium
LQD,PUT,2026-05-15,108.5,106.5,98.79803341969374,96.97687151333994,0.20495000000000005,0.18662356635360589,8.758477677482311,✅ Viable
LQD,PUT,2026-05-22,108.5,106.0,98.79803341969374,96.52158103675148,0.24900000000000003,0.22673465734104836,9.04016064257028,✅ Viable
LQD,CALL,2026-05-22,113.0,119.0,102.8956477089898,108.35913342805121,0.18750000000000006,0.17073392872066898,30.99999999999999,✅ Viable
LQD,PUT,2026-05-29,108.5,103.0,98.79803341969374,93.78983817722079,0.18425000000000008,0.16777454062284405,28.8507462686567,✅ Viable
LQD,CALL,2026-05-29,112.5,119.0,102.44035723240134,108.35913342805121,0.04150000000000004,0.037789109556841415,99.9,⚠️ Micro-Premium
IEF,PUT,2026-05-08,94.5,94.0,98.93216428087004,98.40871367620935,0.08946500000000002,0.09366101669193692,4.588777734309505,✅ Viable
IEF,PUT,2026-05-15,94.5,93.5,98.93216428087004,97.88526307154865,0.135,0.14133166325838575,6.4074074074074066,✅ Viable
IEF,CALL,2026-05-15,96.5,97.5,101.02596669951278,102.07286790883417,0.09950000000000002,0.10416667032747692,9.050251256281404,✅ Viable
IEF,PUT,2026-05-22,94.5,93.5,98.93216428087004,97.88526307154865,0.14850000000000002,0.15546482958422436,5.734006734006733,✅ Viable
IEF,CALL,2026-05-22,97.5,99.5,102.07286790883417,104.16667032747691,0.1665,0.1743090513520091,11.012012012012011,✅ Viable
IEF,PUT,2026-05-29,94.5,89.0,98.93216428087004,93.17420762960246,0.06795000000000001,0.07113693717338751,79.94186902133922,⚠️ Micro-Premium
TLT,PUT,2026-05-08,85.5,83.5,98.5704428241778,96.26470147156546,0.29400000000000004,0.338943978834015,5.802721088435373,✅ Viable
TLT,CALL,2026-05-08,88.0,89.5,101.45261951494324,103.1819255294025,0.15013500000000002,0.17308623898722736,8.991008092716553,✅ Viable
TLT,PUT,2026-05-15,85.0,83.0,97.99400748602473,95.68826613341238,0.265,0.3055107292211359,6.547169811320754,✅ Viable
TLT,CALL,2026-05-15,88.5,90.0,102.02905485309633,103.75836086755558,0.16850000000000004,0.19425870895759023,7.902077151335309,✅ Viable
TLT,PUT,2026-05-22,85.0,83.0,97.99400748602473,95.68826613341238,0.333,0.3839059352099557,5.006006006006006,✅ Viable
TLT,CALL,2026-05-22,88.5,90.5,102.02905485309633,104.33479620570867,0.30600000000000005,0.35277842694968903,5.5359477124183,✅ Viable
TLT,PUT,2026-05-29,85.0,82.5,97.99400748602473,95.1118307952593,0.3875000000000001,0.44673738706864224,5.451612903225804,✅ Viable
TLT,CALL,2026-05-29,89.0,91.0,102.60549019124943,104.91123154386177,0.21350000000000002,0.24613788939136802,8.36768149882904,✅ Viable
SPY,PUT,2026-05-08,695.0,672.0,97.72078268417884,94.48685750182472,2.965250000000001,0.41693028899893725,6.75651294157322,✅ Viable
SPY,CALL,2026-05-08,726.0,736.0,102.07955140822136,103.48560583533184,2.1550000000000002,0.30300472904230996,3.6403712296983755,✅ Viable
SPY,PUT,2026-05-15,692.0,662.0,97.2989663560457,93.08080307471424,3.4225,0.48122212767856415,7.765522279035793,✅ Viable
SPY,CALL,2026-05-15,729.0,741.0,102.5013677363545,104.18863304888708,2.7015000000000002,0.37984560348389806,3.441976679622432,✅ Viable
SPY,PUT,2026-05-22,689.0,655.0,96.87715002791255,92.0965649757369,3.8840000000000012,0.5461115394897134,7.753861997940265,✅ Viable
SPY,CALL,2026-05-22,732.0,747.0,102.92318406448764,105.03226570515338,2.7525000000000004,0.3870164810621616,4.44959128065395,✅ Viable
SPY,PUT,2026-05-29,687.0,648.0,96.59593914249045,91.11232687675955,4.574999999999999,0.6432699004030477,7.524590163934427,✅ Viable
SPY,CALL,2026-05-29,735.0,750.0,103.34500039262078,105.45408203328653,3.217000000000001,0.4523277092014438,3.6627292508548326,✅ Viable
HYG,CALL,2026-05-08,85.5,105.0,106.21118012422359,130.43478260869566,0.33750000000000013,0.4192546583850933,56.77777777777776,⚠️ Micro-Premium
HYG,PUT,2026-05-15,79.5,78.0,98.75776397515527,96.8944099378882,0.135,0.16770186335403728,10.11111111111111,✅ Viable
HYG,CALL,2026-05-15,84.5,85.0,104.96894409937889,105.59006211180125,0.65455,0.8131055900621118,-0.23611641585822316,✅ Viable
HYG,CALL,2026-05-22,86.0,100.0,106.83229813664596,124.22360248447204,0.09499999999999997,0.11801242236024842,99.9,⚠️ Micro-Premium
HYG,PUT,2026-05-29,76.0,65.0,94.40993788819875,80.74534161490683,0.48449999999999993,0.601863354037267,21.703818369453046,✅ Viable
XOM,PUT,2026-05-08,143.0,135.0,95.65217391304348,90.3010033444816,1.6372000000000002,1.0951170568561874,3.8863913999511355,✅ Viable
XOM,CALL,2026-05-08,157.5,165.0,105.35117056856187,110.36789297658862,1.1664000000000003,0.7802006688963213,5.430041152263373,✅ Viable
XOM,PUT,2026-05-15,141.0,133.0,94.31438127090301,88.96321070234113,1.9934999999999998,1.3334448160535115,3.013042387760221,✅ Viable
XOM,CALL,2026-05-15,160.0,167.5,107.02341137123746,112.04013377926421,0.985,0.6588628762541806,6.614213197969543,✅ Viable
XOM,PUT,2026-05-22,140.0,130.0,93.64548494983278,86.95652173913044,1.6150000000000002,1.0802675585284283,5.191950464396284,✅ Viable
XOM,CALL,2026-05-22,160.0,170.0,107.02341137123746,113.71237458193978,1.342,0.8976588628762543,6.451564828614008,✅ Viable
XOM,PUT,2026-05-29,140.0,130.0,93.64548494983278,86.95652173913044,1.733,1.1591973244147158,4.770340450086555,✅ Viable
XOM,CALL,2026-05-29,160.0,190.0,107.02341137123746,127.09030100334448,1.2222500000000005,0.817558528428094,23.544896706893017,✅ Viable
FCX,PUT,2026-05-08,65.0,60.0,92.3820344459136,85.27572410392025,0.9660500000000002,1.373010221176536,4.175715542673774,✅ Viable
FCX,CALL,2026-05-08,79.0,82.0,112.279703403495,116.543489608691,1.2575500000000002,1.7873081141147484,1.3855910301777261,✅ Viable
FCX,PUT,2026-05-15,65.0,59.0,92.3820344459136,83.85446203552156,1.2450000000000003,1.7694712751563455,3.819277108433734,✅ Viable
FCX,CALL,2026-05-15,78.0,85.0,110.85844133509633,120.80727581388702,0.8515,1.2102046512414681,7.220786846741046,✅ Viable
FCX,PUT,2026-05-22,64.0,58.0,90.96077237751493,82.4331999671229,1.251,1.777998847566737,3.7961630695443653,✅ Viable
FCX,CALL,2026-05-22,79.0,85.0,112.279703403495,120.80727581388702,0.7740000000000001,1.1000568409405713,6.751937984496123,✅ Viable
FCX,PUT,2026-05-29,64.0,54.0,90.96077237751493,76.74815169352823,1.8955499999999998,2.6940733137531003,4.275513703146844,✅ Viable
USO,PUT,2026-05-08,117.0,107.0,90.41731492939331,82.68933929440243,2.9147000000000003,2.2524730583307924,2.430884825196418,✅ Viable
USO,CALL,2026-05-08,152.0,175.0,117.46522965186139,135.23957361234042,2.63445,2.035896541160173,7.7304750517185745,✅ Viable
USO,PUT,2026-05-15,116.0,105.0,89.64451736589423,81.14374416740425,2.8483,2.201159300114453,2.861952743741881,✅ Viable
USO,CALL,2026-05-15,155.0,185.0,119.78362234235867,142.9675492473313,2.85975,2.210007832216517,9.49042748492001,✅ Viable
USO,PUT,2026-05-22,114.0,101.0,88.09892223889605,78.05255391340789,4.1625000000000005,3.2167698580649553,2.1231231231231225,✅ Viable
USO,CALL,2026-05-22,159.0,190.0,122.87481259635501,146.83153706482673,2.7120000000000006,2.095826992209527,10.430678466076694,✅ Viable
USO,PUT,2026-05-29,115.0,100.0,88.87171980239513,77.27975634990881,3.6710000000000003,2.836939855605153,3.0860800871697083,✅ Viable
USO,CALL,2026-05-29,160.0,185.0,123.64761015985411,142.9675492473313,2.6525,2.0498455371813313,8.42507068803016,✅ Viable
SLV,PUT,2026-05-08,66.0,61.0,93.7899636549406,86.68466337805117,0.9507000000000001,1.3510017946477584,4.259282633848742,✅ Viable
SLV,CALL,2026-05-08,79.5,83.0,112.97427440254211,117.9479845963647,1.1903000000000001,1.6914877839163005,1.940435184407292,✅ Viable
SLV,PUT,2026-05-15,65.0,59.5,92.36890359956273,84.55307329498434,1.0970000000000002,1.5589028807495435,4.013673655423882,✅ Viable
SLV,CALL,2026-05-15,78.0,87.0,110.84268431947528,123.63222481787626,0.9635000000000001,1.3691913633565953,8.340944473274519,✅ Viable
SLV,PUT,2026-05-22,64.5,60.0,91.65837357187378,85.26360332267329,1.0,1.421060055377888,3.5,✅ Viable
SLV,CALL,2026-05-22,80.0,90.0,113.68480443023105,127.89540498400993,0.9715,1.3805598437996183,9.293360782295418,✅ Viable
SLV,PUT,2026-05-29,64.0,55.0,90.94784354418483,78.15830304578385,1.5215000000000003,2.1621428742574573,4.915215248110416,✅ Viable
SLV,CALL,2026-05-29,81.0,95.0,115.10586448560893,135.00070526089937,1.1804999999999999,1.6775613953735966,10.859381617958492,✅ Viable
ADM,PUT,2026-05-15,65.0,62.5,93.61947243885358,90.01872349889769,0.5165500000000001,0.7439867459736896,3.839802536056528,✅ Viable
ADM,CALL,2026-05-15,75.0,77.5,108.0224681986772,111.62321713863312,0.4278,0.6161601586052549,4.84385226741468,✅ Viable
URA,PUT,2026-05-08,53.5,48.5,92.67278784725855,84.01177963723438,0.7226,1.2516889065126922,5.919457514530861,✅ Viable
URA,CALL,2026-05-08,64.0,70.0,110.86090508830928,121.25411494033828,0.5639500000000001,0.9768751160086254,9.639241067470518,✅ Viable
URA,PUT,2026-05-15,53.0,48.0,91.80668702625613,83.14567881623196,0.9638500000000001,1.6695825526463581,4.187529179851636,✅ Viable
URA,CALL,2026-05-15,65.0,70.0,112.5931067303141,121.25411494033828,0.7011500000000002,1.2145331812916886,6.131141695785494,✅ Viable
URA,PUT,2026-05-22,52.5,46.5,90.94058620525371,80.5473763532247,1.0860000000000003,1.8811709832172487,4.524861878453037,✅ Viable
URA,CALL,2026-05-22,65.0,70.0,112.5931067303141,121.25411494033828,0.8690000000000001,1.5052832269021996,4.7537399309551205,✅ Viable
URA,PUT,2026-05-29,51.0,44.5,88.34228374224647,77.08297306921504,1.7065,2.9560021020812464,2.8089657193085262,✅ Viable
URA,CALL,2026-05-29,65.0,70.0,112.5931067303141,121.25411494033828,0.8900000000000002,1.5416594613843013,4.617977528089885,✅ Viable
UNG,CALL,2026-05-08,12.0,13.0,109.58904300479007,118.72146325518922,0.07952000000000002,0.7262100583117423,11.575452716297784,✅ Viable
UNG,CALL,2026-05-15,12.0,13.5,109.58904300479007,123.28767338038882,0.1225,1.1187214806738985,11.244897959183673,✅ Viable
UNG,PUT,2026-05-22,10.0,8.5,91.32420250399171,77.62557212839296,0.07200000000000001,0.6575342580287404,19.83333333333333,✅ Viable
UNG,CALL,2026-05-22,12.0,13.5,109.58904300479007,123.28767338038882,0.21800000000000003,1.9908676145870199,5.880733944954128,✅ Viable
UNG,PUT,2026-05-29,10.0,8.0,91.32420250399171,73.05936200319337,0.09600000000000003,0.8767123440383208,19.833333333333325,✅ Viable
UNG,CALL,2026-05-29,12.5,14.0,114.15525312998965,127.8538835055884,0.12450000000000003,1.1369863211746971,11.048192771084334,✅ Viable
MOS,PUT,2026-05-08,23.0,20.0,93.80097704165254,81.56606699274134,0.23010000000000003,0.9384176007514893,12.037809647979138,✅ Viable
MOS,CALL,2026-05-08,26.5,34.0,108.07503876538227,138.66231388766028,0.13,0.5301794354528188,56.69230769230769,⚠️ Micro-Premium
MOS,PUT,2026-05-15,22.5,20.5,91.761825366834,83.60521866755988,0.3507,1.4302609847177195,4.70287995437696,✅ Viable
MOS,CALL,2026-05-15,27.5,30.5,112.15334211501936,124.38825216393055,0.28474999999999995,1.1612968788091547,9.535557506584725,✅ Viable
MOS,PUT,2026-05-22,22.0,16.0,89.72267369201548,65.25285359419307,0.10155000000000014,0.41415170515564476,58.08419497784334,⚠️ Micro-Premium
MOS,CALL,2026-05-22,28.0,34.0,114.19249378983787,138.66231388766028,0.21300000000000002,0.8686786134726954,27.16901408450704,✅ Viable
MOS,PUT,2026-05-29,22.0,19.0,89.72267369201548,77.48776364310427,0.49655,2.0250815282622856,5.041687644748767,✅ Viable
MOS,CALL,2026-05-29,28.0,35.0,114.19249378983787,142.74061723729733,0.21030000000000004,0.8576671944286753,32.285782215882065,✅ Viable
SIL,CALL,2026-05-15,108.0,120.0,111.19119021307242,123.5457669034138,1.3675000000000002,1.4079069686701533,7.775137111517367,✅ Viable
XLE,CALL,2026-05-08,59.0,62.0,104.35090032656345,109.65687830927007,0.4166000000000001,0.7368234758651923,6.201152184349495,✅ Viable
XLE,PUT,2026-05-15,54.0,52.0,95.50760368871909,91.97028503358135,0.39149999999999996,0.6924301267432134,4.108556832694764,✅ Viable
XLE,CALL,2026-05-15,59.5,63.0,105.23522999034789,111.42553763683894,0.4630000000000001,0.8188892686643878,6.559395248380128,✅ Viable
XLE,PUT,2026-05-22,53.5,50.0,94.62327402493466,88.4329663784436,0.7435,1.3149982100474564,3.7074646940147944,✅ Viable
XLE,CALL,2026-05-22,60.0,64.0,106.11955965413232,113.1941969644078,0.4575000000000001,0.8091616423627591,7.743169398907103,✅ Viable
XLE,PUT,2026-05-29,53.5,48.0,94.62327402493466,84.89564772330586,0.3105,0.5491687212101347,16.713365539452496,✅ Viable
ITB,PUT,2026-05-15,95.0,90.0,95.2190069123372,90.20748023274051,1.112,1.1145635335423052,3.4964028776978413,✅ Viable
ITB,CALL,2026-05-15,107.0,126.0,107.24667094336928,126.29047232583672,0.5475000000000001,0.5487621714158383,33.703196347031955,✅ Viable
GLD,PUT,2026-05-08,421.0,405.0,96.72379510047257,93.04783139119095,2.5638,0.5890272348660133,5.240736406896013,✅ Viable
GLD,CALL,2026-05-08,451.0,472.0,103.61622705537559,108.44092942380772,2.322,0.5334742333094947,8.043927648578812,✅ Viable
GLD,PUT,2026-05-15,418.0,400.0,96.03455190498225,91.89909273204044,2.9524999999999997,0.6783301782283735,5.096528365791702,✅ Viable
GLD,CALL,2026-05-15,455.0,474.0,104.53521798269601,108.90042488746792,2.7405,0.6296236590803921,5.933041415800036,✅ Viable
GLD,PUT,2026-05-22,416.0,395.0,95.57505644132206,90.75035407288993,3.3085000000000004,0.7601203707598896,5.3472872903128295,✅ Viable
GLD,CALL,2026-05-22,458.0,480.0,105.22446117818632,110.27891127844853,3.1995,0.7350778679904085,5.87607438662291,✅ Viable
GLD,PUT,2026-05-29,415.0,390.0,95.34530870949196,89.60161541373944,3.8535000000000004,0.8853328846072946,5.487608667445179,✅ Viable
GLD,CALL,2026-05-29,461.0,485.0,105.9137043736766,111.42764993759904,3.375,0.7753985949265912,6.111111111111111,✅ Viable
GDX,PUT,2026-05-08,89.0,83.0,94.19982730501096,87.84927714961695,1.1182500000000002,1.1835837852115565,4.365526492287056,✅ Viable
GDX,CALL,2026-05-08,102.5,110.0,108.48856515464745,116.42675284888995,0.9997499999999999,1.0581604196425247,6.501875468867218,✅ Viable
GDX,PUT,2026-05-15,88.0,81.0,93.14140227911196,85.73242709781897,1.2757999999999998,1.3503386480419435,4.486753409625334,✅ Viable
GDX,CALL,2026-05-15,104.0,113.0,110.07620269349594,119.60202792658694,1.189,1.2584673557939103,6.5693860386879726,✅ Viable
GDX,PUT,2026-05-22,87.0,80.0,92.08297725321296,84.67400207191996,1.455,1.5400084126830444,3.810996563573883,✅ Viable
GDX,CALL,2026-05-22,105.0,115.0,111.13462771939496,121.71887797838494,1.5510000000000002,1.6416172151693484,5.447453255963894,✅ Viable
GDX,PUT,2026-05-29,87.0,60.0,92.08297725321296,63.50550155393997,0.5835000000000001,0.6175910026120663,45.27249357326477,⚠️ Micro-Premium
GDX,CALL,2026-05-29,106.0,120.0,112.19305274529394,127.01100310787994,1.6540000000000001,1.7506349928369456,7.464328899637242,✅ Viable
XLF,PUT,2026-05-08,50.5,48.5,96.72476706673375,92.89408322250668,0.15669999999999998,0.30013407919519164,11.763241863433313,✅ Viable
XLF,PUT,2026-05-15,50.5,48.5,96.72476706673375,92.89408322250668,0.269,0.5152269770485423,6.434944237918215,✅ Viable
XLF,PUT,2026-05-22,50.5,48.0,96.72476706673375,91.9364122614499,0.3550000000000001,0.6799463823503067,6.042253521126759,✅ Viable
XLF,CALL,2026-05-22,54.0,56.0,103.42846379413113,107.25914763835821,0.345,0.6607929631291711,4.797101449275363,✅ Viable
XLF,PUT,2026-05-29,50.5,47.0,96.72476706673375,90.02107033933636,0.36850000000000016,0.7058034982988397,8.497964721845316,✅ Viable
XLF,CALL,2026-05-29,54.5,56.5,104.3861347551879,108.21681859941499,0.392,0.7508140334685076,4.1020408163265305,✅ Viable
KRE,CALL,2026-05-08,73.0,75.0,105.41516245487365,108.30324909747293,0.3822000000000001,0.5519133574007222,4.232862375719518,✅ Viable
KRE,PUT,2026-05-15,66.5,62.0,96.028880866426,89.53068592057761,0.5740000000000001,0.8288808664259928,6.8397212543554,✅ Viable
KRE,CALL,2026-05-22,74.0,76.0,106.8592057761733,109.74729241877257,0.48355000000000004,0.6982671480144405,3.1360769310309164,✅ Viable
KRE,PUT,2026-05-29,65.5,61.0,94.58483754512635,88.08664259927798,0.7959500000000002,1.149386281588448,4.653621458634335,✅ Viable
KRE,CALL,2026-05-29,74.0,80.0,106.8592057761733,115.52346570397111,0.6870000000000002,0.9920577617328521,7.73362445414847,✅ Viable
XOP,PUT,2026-05-08,158.0,151.0,93.90229713432025,89.74206878026808,2.54455,1.5122727226147759,1.7509775795327267,✅ Viable
XOP,CALL,2026-05-08,177.5,195.0,105.49150469203698,115.89207557716739,1.0442,0.620587206757324,15.759241524612143,✅ Viable
XOP,PUT,2026-05-15,159.0,147.0,94.4966154706134,87.36479543509542,1.9064999999999999,1.1330679081429211,5.294256490952007,✅ Viable
XOP,CALL,2026-05-15,180.0,195.0,106.9773005327699,115.89207557716739,1.7505000000000002,1.0403542476811873,7.568980291345329,✅ Viable
XOP,PUT,2026-05-22,157.5,147.0,93.60513796617366,87.36479543509542,2.1762500000000005,1.293385279358003,3.824813325674899,✅ Viable
XOP,CALL,2026-05-22,182.5,195.0,108.46309637350282,115.89207557716739,1.6510000000000002,0.9812195732200173,6.571168988491822,✅ Viable
XOP,PUT,2026-05-29,157.5,146.0,93.60513796617366,86.77047709880225,2.12905,1.2653334538849652,4.401470139263991,✅ Viable
XOP,CALL,2026-05-29,183.0,195.0,108.76025554164939,115.89207557716739,1.55,0.9211934212544074,6.741935483870967,✅ Viable
XME,PUT,2026-05-15,114.0,85.0,93.58837721440972,69.78080757214761,0.30490000000000017,0.2503078615146802,94.11315185306653,⚠️ Micro-Premium
XME,CALL,2026-05-15,131.0,140.0,107.54453872883924,114.9330948247137,1.2743000000000002,1.0461374481080907,6.0627010907949455,✅ Viable
XLB,PUT,2026-05-08,47.0,41.0,90.68106953420804,79.1047627851602,0.9475499999999999,1.8281882433433791,5.332119677061898,✅ Viable
XLB,PUT,2026-05-15,48.0,37.0,92.61045399238267,71.38722495246165,0.1582,0.3052286212832279,68.53223767383058,⚠️ Micro-Premium
XLB,PUT,2026-05-22,46.0,45.0,88.7516850760334,86.82230061785876,1.67245,3.2267990370741755,-0.40207480044246463,✅ Viable
XLB,CALL,2026-05-22,55.0,60.0,106.11614519960514,115.76306749047835,0.20150000000000004,0.3887709683221898,23.81389578163771,✅ Viable
XLB,CALL,2026-05-29,54.5,60.0,105.15145297051782,115.76306749047835,0.24095000000000005,0.4648851851971794,21.82631251296949,✅ Viable
XLI,PUT,2026-05-08,162.5,130.0,95.00701963204227,76.00561570563383,0.5627500000000003,0.329016617218042,56.7521101732563,⚠️ Micro-Premium
XLI,CALL,2026-05-08,179.0,184.0,104.65388624083427,107.57717915258942,1.27225,0.7438318813960972,2.930045195519748,✅ Viable
XLI,PUT,2026-05-15,161.0,125.0,94.13003175851574,73.08232279387867,0.46540000000000026,0.2721001042261692,76.35281478298234,⚠️ Micro-Premium
XLI,CALL,2026-05-15,181.0,190.0,105.82320340553633,111.08513064669559,1.5100500000000001,0.882863692279172,4.960067547432204,✅ Viable
XLI,CALL,2026-05-22,179.0,190.0,104.65388624083427,111.08513064669559,1.0693000000000001,0.6251754221079558,9.287103712709248,✅ Viable
XLI,CALL,2026-05-29,180.0,190.0,105.2385448231853,111.08513064669559,1.1505,0.6726496989948594,7.691873098652758,✅ Viable
XRT,PUT,2026-05-08,80.0,70.0,91.83790545226255,80.35816727072972,1.1774500000000003,1.3516817721845822,7.492929636077963,✅ Viable
XRT,PUT,2026-05-15,81.5,79.0,93.55986617949247,90.68993163410927,1.6110000000000002,1.8493858210449374,0.5518311607697081,✅ Viable
XRT,CALL,2026-05-15,98.0,120.0,112.50143417902163,137.75685817839383,1.22295,1.4039145809105562,16.98928819657386,✅ Viable
XRT,PUT,2026-05-22,80.5,65.0,92.4118923613392,74.61829817996333,1.0610000000000004,1.2180002210606324,13.608859566446743,✅ Viable
XRT,PUT,2026-05-29,80.5,60.0,92.4118923613392,68.87842908919691,0.5739000000000003,0.6588221742381688,34.72050879944239,✅ Viable
XHB,PUT,2026-05-08,95.0,85.0,87.30815378324301,78.11782180605954,4.083,3.752412546284013,1.4491795248591721,✅ Viable
XHB,CALL,2026-05-08,116.0,120.0,106.60785093532832,110.2839837262017,0.6234500000000001,0.5729712471175038,5.415911460421846,✅ Viable
XHB,CALL,2026-05-15,116.0,120.0,106.60785093532832,110.2839837262017,1.79595,1.6505376714422662,1.2272334975918038,✅ Viable
XHB,PUT,2026-05-22,102.0,90.0,93.74138616727144,82.71298779465127,0.9935500000000002,0.9131054335930644,11.077902470937545,✅ Viable
XHB,CALL,2026-05-22,119.0,125.0,109.36495052848336,114.87914971479344,1.2265000000000001,1.1271942170015532,3.8919690175295556,✅ Viable
XHB,PUT,2026-05-29,98.0,80.0,90.06525337639806,73.5226558174678,2.1079999999999997,1.9373219807902762,7.538899430740039,✅ Viable
XHB,CALL,2026-05-29,125.0,140.0,114.87914971479344,128.66464768056863,1.3895000000000002,1.276996628229644,9.795250089960415,✅ Viable
IBB,PUT,2026-05-15,167.0,159.0,95.77884802443927,91.19063973584338,1.3249,0.7598646451950873,5.038191561627293,✅ Viable
IBB,CALL,2026-05-15,181.0,220.0,103.80821252948206,126.17572793638705,0.10865000000000014,0.062313603819493045,99.9,⚠️ Micro-Premium
XLY,PUT,2026-05-08,108.5,99.0,91.23013513965165,83.24224312281581,2.193,1.8439418097811622,3.3319653442772457,✅ Viable
XLY,PUT,2026-05-15,104.0,82.5,87.44639681588731,69.36853593567983,3.138950000000001,2.639325646973361,5.849424170502873,✅ Viable
XLY,PUT,2026-05-22,112.5,105.0,94.59345809410887,88.28722755450161,1.258,1.0577650691767908,4.961844197138315,✅ Viable
XLY,PUT,2026-05-29,111.5,100.0,93.75262735549457,84.08307386143011,1.2465000000000002,1.0480955156827263,8.225832330525469,✅ Viable
XLK,PUT,2026-05-08,147.0,145.0,92.98501069341059,91.71990850710567,2.92705,1.8515086772118872,-0.316718197502605,✅ Viable
XLK,PUT,2026-05-15,150.0,127.0,94.88266397286795,80.33398883036152,0.397,0.2511227839815238,56.93450881612091,⚠️ Micro-Premium
XLK,CALL,2026-05-15,165.0,170.0,104.37093037015475,107.533685835917,0.9790000000000001,0.6192675201962515,4.107252298263534,✅ Viable
XLK,PUT,2026-05-22,150.0,137.5,94.88266397286795,86.97577530846227,1.5285000000000002,0.9668543458835244,7.177952240758913,✅ Viable
XLK,PUT,2026-05-29,149.0,137.0,94.25011287971549,86.65949976188607,1.6145,1.0212537398946353,6.432641684732115,✅ Viable
ARKG,CALL,2026-05-08,33.0,34.0,106.86528787839762,110.10362993531876,0.22760000000000005,0.7370466521552517,3.3936731107205613,✅ Viable
ARKG,PUT,2026-05-15,29.0,25.5,93.91191965071307,82.57772245148908,0.4459500000000001,1.4441386402839829,6.848413499271216,✅ Viable
ARKG,CALL,2026-05-15,39.0,41.0,126.29534021992448,132.77202433376675,1.23655,4.004371870485836,0.617403259067567,✅ Viable
ARKG,PUT,2026-05-22,27.0,26.0,87.43523553687078,84.19689347994964,1.5265,4.94332914989012,-0.34490664919751063,✅ Viable
ARKG,PUT,2026-05-29,27.0,23.0,87.43523553687078,74.48186730918623,1.4700000000000002,4.760362823674077,1.7210884353741494,✅ Viable
ARKK,PUT,2026-05-08,74.5,64.0,93.94703295455749,80.70617596096213,0.5907500000000002,0.7449558351396625,16.77401608125264,✅ Viable
ARKK,CALL,2026-05-08,95.0,100.0,119.79822994205315,126.10339993900332,2.13155,2.687957021399825,1.3457108676784502,✅ Viable
ARKK,PUT,2026-05-15,74.0,68.0,93.31651595486247,85.75031195852226,1.08305,1.3657628730393756,4.539910438114584,✅ Viable
ARKK,CALL,2026-05-15,85.0,90.0,107.18788994815283,113.493059945103,0.8424,1.062295041086164,4.935422602089269,✅ Viable
ARKK,PUT,2026-05-22,73.5,65.5,92.68599895516745,82.59772696004718,1.1524999999999999,1.4533416842970133,5.941431670281997,✅ Viable
ARKK,CALL,2026-05-22,85.0,100.0,107.18788994815283,126.10339993900332,1.2199500000000003,1.5383984275558715,11.295585884667402,✅ Viable
ARKK,PUT,2026-05-29,73.0,65.0,92.05548195547243,81.96720996035216,1.4825000000000002,1.8694829040957244,4.396290050590219,✅ Viable
ARKK,CALL,2026-05-29,85.0,100.0,107.18788994815283,126.10339993900332,1.1010500000000003,1.3884614850283965,12.623359520457742,✅ Viable
XLU,PUT,2026-05-08,40.5,39.0,90.26075543590123,86.9177644938308,0.957,2.1328282210409255,0.5673981191222571,✅ Viable
XLU,CALL,2026-05-15,46.5,48.0,103.63271920418289,106.9757101462533,0.24200000000000005,0.5393358719873605,5.198347107438016,✅ Viable
XLU,PUT,2026-05-22,41.5,40.5,92.48941606394817,90.26075543590123,0.6325000000000001,1.4096278472396921,0.5810276679841896,✅ Viable
XLU,CALL,2026-05-29,47.0,50.0,104.74704951820637,111.4330314023472,0.2805,0.6251393061671678,9.6951871657754,✅ Viable
VNQ,PUT,2026-05-15,92.0,88.0,97.33390104468306,93.10199230360988,0.4732500000000001,0.5006877029282203,7.452192287374536,✅ Viable
VNQ,CALL,2026-05-15,97.0,100.0,102.62378697102451,105.7977185268294,0.36325,0.38431021254870784,7.258774948382657,✅ Viable
SMH,PUT,2026-05-08,450.0,420.0,94.37325937382099,88.08170874889957,4.584250000000001,0.961401365076531,5.544145716311282,✅ Viable
SMH,CALL,2026-05-08,510.0,535.0,106.95636062366378,112.19931947776493,4.87345,1.022051913100773,4.129836153033272,✅ Viable
SMH,PUT,2026-05-15,445.0,410.0,93.32466760300075,85.98452520725913,5.7735,1.2108089177661232,5.062180652983459,✅ Viable
SMH,CALL,2026-05-15,515.0,540.0,108.00495239448402,113.24791124858518,5.047500000000001,1.0585533926430257,3.952947003467062,✅ Viable
SMH,PUT,2026-05-22,442.5,400.0,92.80037171759064,83.88734166561865,6.9055,1.448210094679824,5.154514517413655,✅ Viable
SMH,CALL,2026-05-22,520.0,545.0,109.05354416530425,114.29650301940542,5.489000000000001,1.1511440460064521,3.5545636728001453,✅ Viable
SMH,PUT,2026-05-29,440.0,395.0,92.27607583218051,82.83874989479841,6.8870000000000005,1.4443303051277894,5.534049658777406,✅ Viable
SMH,CALL,2026-05-29,520.0,555.0,109.05354416530425,116.39368656104587,6.772,1.4202126943989237,4.168340224453632,✅ Viable
XLV,PUT,2026-05-15,139.0,136.0,94.95832447285358,92.90886423243228,1.3344,0.9115999149393943,1.2482014388489209,✅ Viable
XLV,CALL,2026-05-22,159.0,180.0,108.62139274232891,122.96761442527801,1.3264999999999998,0.9062030029729514,14.831134564643802,✅ Viable
XLV,CALL,2026-05-29,158.0,175.0,107.93823932885513,119.55184735790918,1.5514500000000002,1.0598783633338755,9.957491379032517,✅ Viable
ITA,PUT,2026-05-15,210.0,200.0,95.82478021842593,91.26169544611994,1.4460500000000003,0.6598448734993088,5.915390200892085,✅ Viable
ITA,CALL,2026-05-15,230.0,240.0,104.95094976303794,109.51403453534392,1.3498,0.6159251825658635,6.408504963698325,✅ Viable
XLP,PUT,2026-05-08,79.0,76.0,96.21239728749985,92.55876194746821,0.5897000000000001,0.7181829200055528,4.0873325419704924,✅ Viable
XLP,CALL,2026-05-15,84.5,97.0,102.91072874422453,118.1342093276897,0.07950000000000013,0.09682133651083862,99.9,⚠️ Micro-Premium
XLP,CALL,2026-05-22,85.0,105.0,103.51966796756314,127.8772369011074,0.05049999999999999,0.06150286155719926,99.9,⚠️ Micro-Premium
XLP,PUT,2026-05-29,79.0,76.0,96.21239728749985,92.55876194746821,0.552,0.6722689025658218,4.434782608695651,✅ Viable
XLP,CALL,2026-05-29,85.5,87.0,104.12860719090173,105.95542486091756,0.33649999999999997,0.40981609730688223,3.4576523031203568,✅ Viable
