Ticker,Spread_Type,Expiration,Strike 1,Strike 2,S1 %spot,S2 %spot,Cost,Cost % Spot,Payout Ratio,Flag
EFA,PUT,2026-10-30,83.0,70.0,80.27079185219044,67.69825818859435,8.8375,8.546905096310036,0.47100424328147095,✅ Viable
EFA,CALL,2026-10-30,107.0,112.0,103.48162323113708,108.31721310175095,0.26225,0.25362668871369815,18.065776930409918,✅ Viable
EFA,CALL,2026-11-06,106.0,112.0,102.5145052570143,108.31721310175095,0.19285000000000008,0.18650870130957753,30.112263417163586,✅ Viable
EFA,PUT,2026-11-13,98.5,94.0,95.26112045109349,90.90908956754099,0.9747500000000001,0.9426982452761764,3.616568350859194,✅ Viable
EFA,CALL,2026-11-13,106.0,114.0,102.5145052570143,110.25144904999651,0.16835000000000006,0.16281431094356946,46.520047520047505,⚠️ Micro-Premium
EFA,PUT,2026-11-20,95.0,70.0,91.87620754166376,67.69825818859435,0.3809499999999999,0.3684235922420716,64.62541015881351,⚠️ Micro-Premium
VGK,PUT,2026-11-20,83.0,79.0,96.47797416913826,91.82843324532438,0.88655,1.0305126265018014,3.511871862839096,✅ Viable
DIA,PUT,2026-10-30,506.0,495.0,98.0411180487671,95.90978939553304,1.65045,0.3197864887027424,5.664848980581054,✅ Viable
DIA,CALL,2026-10-30,527.5,537.0,102.20689678008823,104.0475897078813,1.7060500000000003,0.3305593862590892,4.56841827613493,✅ Viable
DIA,PUT,2026-11-06,504.0,490.0,97.6536037481791,94.941003644063,1.9967,0.386874901992042,6.011569088996845,✅ Viable
DIA,CALL,2026-11-06,530.0,542.0,102.69128965582325,105.01637545935132,2.07775,0.4025789190233713,4.775478281795211,✅ Viable
DIA,PUT,2026-11-13,503.0,485.0,97.45984659788508,93.97221789259298,2.4786500000000005,0.48025616057623843,6.262017630565024,✅ Viable
DIA,CALL,2026-11-13,532.0,545.0,103.07880395641126,105.59764691023335,2.4133000000000004,0.4675941308045251,4.386814735010152,✅ Viable
DIA,PUT,2026-11-20,501.0,479.0,97.07233229729707,92.80967499082894,2.7867500000000005,0.5399527385818217,6.894500762537004,✅ Viable
DIA,CALL,2026-11-20,534.0,548.0,103.46631825699927,106.17891836111536,2.450500000000001,0.47480189679546214,4.713119771475207,✅ Viable
IWM,PUT,2026-10-30,272.0,262.0,97.51200889773276,93.92700857061021,1.4541,0.5212948975668867,5.8771061137473355,✅ Viable
IWM,CALL,2026-10-30,287.0,294.0,102.88950938841654,105.3990096174023,1.2315,0.44149279028513927,4.684125050751116,✅ Viable
IWM,PUT,2026-11-06,270.0,258.0,96.79500883230824,92.4930084397612,1.6909,0.6061877053131483,6.096812348453486,✅ Viable
IWM,CALL,2026-11-06,289.0,297.0,103.60650945384104,106.47450971553907,1.4403000000000001,0.5163475971154576,4.554398389224466,✅ Viable
IWM,PUT,2026-11-13,269.0,255.0,96.43650879959598,91.41750834162445,1.9607500000000004,0.7029289391405497,6.140124952186661,✅ Viable
IWM,CALL,2026-11-13,291.0,300.0,104.32350951926554,107.55000981367581,1.5413000000000003,0.5525561004193953,4.839226626873417,✅ Viable
IWM,PUT,2026-11-20,268.0,253.0,96.07800876688374,90.70050827619994,2.138,0.7664730699387963,6.015902712815716,✅ Viable
IWM,CALL,2026-11-20,292.0,302.0,104.6820095519778,108.26700987910031,1.7788,0.6376998581885552,4.621767483696874,✅ Viable
FXI,PUT,2026-10-30,33.0,32.0,96.37849994836121,93.45793934386542,0.13542500000000002,0.395516919863843,6.384160974709248,✅ Viable
FXI,CALL,2026-10-30,35.5,37.0,103.67990145960069,108.0607423663444,0.1492,0.4357476421907725,9.053619302949063,✅ Viable
FXI,CALL,2026-11-06,35.5,37.5,103.67990145960069,109.5210226685923,0.24425,0.7133469276480978,7.188331627430911,✅ Viable
FXI,PUT,2026-11-13,33.0,30.0,96.37849994836121,87.61681813487382,0.20175000000000007,0.5892231019570267,13.869888475836426,✅ Viable
FXI,CALL,2026-11-13,37.5,38.0,109.5210226685923,110.98130297084019,0.41855,1.2224006410117145,0.19460040616413815,✅ Viable
FXI,PUT,2026-11-20,33.0,31.0,96.37849994836121,90.53737873936963,0.31499999999999995,0.9199765904161751,5.349206349206351,✅ Viable
FXI,CALL,2026-11-20,36.0,48.0,105.14018176184861,140.18690901579814,0.046650000000000025,0.13624415219972888,99.9,⚠️ Micro-Premium
EWJ,CALL,2026-10-30,102.0,104.0,104.23053276499827,106.27426870156687,0.403,0.41181279121857167,3.962779156327543,✅ Viable
EWJ,PUT,2026-11-06,94.0,89.0,96.05558901872391,90.94624917730242,0.53425,0.5459329620558856,8.358914365933552,✅ Viable
EWJ,CALL,2026-11-06,102.0,110.0,104.23053276499827,112.40547651127267,0.48624999999999996,0.49688329957823923,15.452442159383034,✅ Viable
EWJ,PUT,2026-11-13,92.0,87.0,94.01185308215531,88.90251324073382,1.2247999999999999,1.2515838875546066,3.0822991508817768,✅ Viable
EWJ,CALL,2026-11-13,104.0,106.0,106.27426870156687,108.31800463813546,0.93605,0.956519511712516,1.1366380001068317,✅ Viable
EWJ,PUT,2026-11-20,93.0,87.0,95.0337210504396,88.90251324073382,0.6849,0.6998773714779148,7.760402978537013,✅ Viable
EWJ,CALL,2026-11-20,103.0,107.0,105.25240073328257,109.33987260641975,0.5948,0.6078070675354997,5.724949562878278,✅ Viable
EWZ,PUT,2026-10-30,40.5,37.0,93.01791260541013,84.97932756543642,0.5857500000000001,1.345314624904173,4.97524541186513,✅ Viable
EWZ,CALL,2026-10-30,47.0,49.0,107.94671339393275,112.54019055963202,0.35025000000000006,0.8044326886430841,4.710206995003568,✅ Viable
EWZ,PUT,2026-11-06,40.5,37.0,93.01791260541013,84.97932756543642,0.647,1.4859898631037127,4.4095826893353935,✅ Viable
EWZ,CALL,2026-11-06,47.0,50.0,107.94671339393275,114.83692914248165,0.5024000000000001,1.1538814640236559,4.971337579617833,✅ Viable
EWZ,PUT,2026-11-13,40.0,36.5,91.86954331398532,83.8309582740116,0.5947500000000001,1.3659852721498196,4.884825556956703,✅ Viable
EWZ,PUT,2026-11-20,40.0,36.0,91.86954331398532,82.6825889825868,0.6536000000000002,1.5011483377505206,5.119951040391675,✅ Viable
EWZ,CALL,2026-11-20,48.0,51.0,110.24345197678238,117.13366772533129,0.47025000000000006,1.0800413185850402,5.379585326953747,✅ Viable
EWW,PUT,2026-11-20,68.0,64.0,94.51008045061677,88.95066395352166,0.6101000000000001,0.8479500012194309,5.5563022455335185,✅ Viable
EWW,CALL,2026-11-20,76.0,82.0,105.62891344480698,113.96803819044963,0.4045,0.5621959932687424,13.833127317676144,✅ Viable
EWY,PUT,2026-10-30,167.0,125.0,94.22252021225592,70.52583848222747,0.35480000000000045,0.20018053994795473,99.9,⚠️ Micro-Premium
EWY,CALL,2026-10-30,189.0,200.0,106.63506778512794,112.84134157156396,1.6272499999999999,0.9181053653616372,5.759870947918268,✅ Viable
EWY,PUT,2026-11-06,165.0,155.0,93.09410679654027,87.45203971796207,2.2852000000000006,1.2893251687966902,3.3759845965342192,✅ Viable
EWY,CALL,2026-11-06,191.0,225.0,107.76348120084359,126.94650926800945,1.3834000000000004,0.7805235596505082,23.57712881306924,✅ Viable
EWY,PUT,2026-11-13,165.0,155.0,93.09410679654027,87.45203971796207,2.3767999999999994,1.3410065032364658,3.207337596768766,✅ Viable
EWY,CALL,2026-11-13,194.0,210.0,109.45610132441705,118.48340865014218,2.23155,1.2590554789201178,6.169904326589142,✅ Viable
EWY,PUT,2026-11-20,164.0,150.0,92.52990008868245,84.63100617867298,2.8180499999999995,1.589962713078729,3.96797430847572,✅ Viable
EWY,CALL,2026-11-20,195.0,215.0,110.02030803227487,121.30444218943126,2.74995,1.5515402362736117,6.2728595065364825,✅ Viable
EEM,CALL,2026-10-30,69.0,72.0,103.29340845469362,107.78442621359335,0.3993000000000001,0.5977544637095532,6.513148009015776,✅ Viable
EEM,CALL,2026-11-06,70.0,72.5,104.79041437432686,108.53292917340995,0.3205,0.4797903972424537,6.800312012480499,✅ Viable
EEM,PUT,2026-11-13,64.0,61.0,95.80837885652741,91.3173610976277,0.6093500000000001,0.9122005571285153,3.923278903749897,✅ Viable
EEM,CALL,2026-11-13,70.0,73.0,104.79041437432686,109.28143213322659,0.46845,0.7012724230521916,5.404098623118797,✅ Viable
EEM,PUT,2026-11-20,64.0,60.0,95.80837885652741,89.82035517799444,0.6152500000000001,0.9210328920543515,5.501422186103209,✅ Viable
EEM,CALL,2026-11-20,70.5,73.5,105.53891733414349,110.02993509304319,0.45885,0.6869011662237126,5.538084341288003,✅ Viable
SPY,PUT,2026-10-30,764.0,744.0,98.12861949636452,95.55980746766389,2.4057,0.3089895548722567,7.313588560502141,✅ Viable
SPY,CALL,2026-10-30,793.0,804.0,101.85339693798045,103.26624355376582,2.1979,0.28229959789405706,4.004777287410709,✅ Viable
SPY,PUT,2026-11-06,761.0,735.0,97.74329769205943,94.4038420547486,3.0546999999999995,0.3923475052035925,7.511474121845027,✅ Viable
SPY,CALL,2026-11-06,797.0,810.0,102.36715934372059,104.036887162376,2.5713,0.330259318469898,4.055808345972854,✅ Viable
SPY,PUT,2026-11-13,759.0,728.0,97.48641648918937,93.50475784470336,3.5812500000000003,0.45997790388920873,7.656195462478184,✅ Viable
SPY,CALL,2026-11-13,800.0,815.0,102.75248114802568,104.67909016955115,2.9029500000000006,0.3728566439358265,4.167157546633596,✅ Viable
SPY,PUT,2026-11-20,757.0,721.0,97.2295352863193,92.60567363465813,4.09535,0.5260092170869587,7.790457470057505,✅ Viable
SPY,CALL,2026-11-20,805.0,820.0,103.39468415520084,105.32129317672631,2.7165,0.3489088937982647,4.521811154058532,✅ Viable
QQQ,PUT,2026-10-30,730.0,703.0,97.16879164903702,93.5748774373603,3.7102500000000003,0.4938637112545748,6.277137659187385,✅ Viable
QQQ,CALL,2026-10-30,773.0,790.0,102.89243280096659,105.15526767498527,3.0915500000000002,0.4115098326336718,4.498859795248338,✅ Viable
QQQ,PUT,2026-11-06,726.0,693.0,96.6363599139738,92.24379809970226,4.557649999999999,0.606659374327717,6.240573541188992,✅ Viable
QQQ,CALL,2026-11-06,775.0,795.0,103.1586486684982,105.8208073438143,4.2040500000000005,0.5595924089481289,3.757317348747041,✅ Viable
QQQ,PUT,2026-11-13,723.0,685.0,96.23703611267639,91.17893462957582,5.1723,0.6884741658168687,6.346828296889198,✅ Viable
QQQ,CALL,2026-11-13,780.0,805.0,103.82418833732723,107.15188668147233,4.58025,0.6096676136308243,4.458217346214726,✅ Viable
QQQ,PUT,2026-11-20,720.0,677.0,95.83771231137898,90.1140711594494,5.770900000000001,0.7681525749690792,6.451177459321769,✅ Viable
QQQ,CALL,2026-11-20,785.0,810.0,104.48972800615624,107.81742635030133,4.5542500000000015,0.6062068073529137,4.48937805346654,✅ Viable
IEF,PUT,2026-10-30,88.5,87.5,98.99328690098693,97.87471868741646,0.15188000000000001,0.16988814027708357,5.584145377929944,✅ Viable
IEF,CALL,2026-10-30,90.5,91.5,101.23042332812788,102.34899154169834,0.17163,0.19197986249510043,4.826487210860573,✅ Viable
IEF,PUT,2026-11-06,88.5,87.0,98.99328690098693,97.31543458063122,0.293115,0.32786912192070944,4.117445371270661,✅ Viable
IEF,CALL,2026-11-06,91.0,92.0,101.78970743491311,102.9082756484836,0.12262000000000002,0.13715883434801152,7.155276463872124,✅ Viable
IEF,PUT,2026-11-13,88.0,86.5,98.43400279420169,96.75615047384598,0.22324999999999998,0.24972035367960824,5.71892497200448,✅ Viable
IEF,CALL,2026-11-13,91.0,92.5,101.78970743491311,103.46755975526882,0.20757500000000007,0.23218679693189115,6.226303745634106,✅ Viable
IEF,PUT,2026-11-20,88.0,86.0,98.43400279420169,96.19686636706075,0.28095000000000003,0.31426173960262466,6.118704395799964,✅ Viable
IEF,CALL,2026-11-20,91.0,93.0,101.78970743491311,104.02684386205405,0.2705,0.3025727017708132,6.393715341959334,✅ Viable
TLT,PUT,2026-10-30,76.0,75.0,97.46088321146816,96.17850316921201,0.15394999999999998,0.19742240750533582,5.495615459564794,✅ Viable
TLT,CALL,2026-10-30,80.0,82.0,102.59040338049279,105.15516346500513,0.2395,0.3071300201203503,7.350730688935282,✅ Viable
TLT,PUT,2026-11-06,76.0,73.5,97.46088321146816,94.25493310582776,0.3925,0.5033341665855429,5.369426751592356,✅ Viable
TLT,CALL,2026-11-06,80.0,82.0,102.59040338049279,105.15516346500513,0.3075,0.39433186299376916,5.504065040650406,✅ Viable
TLT,PUT,2026-11-13,76.0,73.5,97.46088321146816,94.25493310582776,0.44675,0.5729032838779394,4.595970900951316,✅ Viable
TLT,CALL,2026-11-13,80.5,82.5,103.23159340162087,105.79635348613321,0.28745,0.3686201431465332,5.957731779439903,✅ Viable
TLT,PUT,2026-11-20,76.0,73.0,97.46088321146816,93.61374308469968,0.5403,0.6928699368310033,4.5524708495280395,✅ Viable
TLT,CALL,2026-11-20,81.0,83.0,103.87278342274895,106.4375435072613,0.26949999999999996,0.34560142138803507,6.421150278293137,✅ Viable
HYG,PUT,2026-10-30,76.5,75.0,99.05476715628285,97.11251681988514,0.127865,0.1655638928423282,10.73112266843937,✅ Viable
HYG,CALL,2026-10-30,78.0,78.5,100.99701749268056,101.64443427147978,0.14322500000000002,0.1854525362870407,2.4910106475824745,✅ Viable
HYG,PUT,2026-11-06,76.0,74.5,98.40735037748361,96.46510004108592,0.17745,0.22976821479584825,7.4530853761623,✅ Viable
HYG,PUT,2026-11-13,76.0,74.5,98.40735037748361,96.46510004108592,0.22525,0.2916612588490551,5.659267480577137,✅ Viable
HYG,CALL,2026-11-13,78.0,80.5,100.99701749268056,104.23410138667673,0.11300000000000002,0.14631619200862697,21.12389380530973,✅ Viable
HYG,PUT,2026-11-20,76.0,74.0,98.40735037748361,95.81768326228668,0.21920000000000003,0.28382751582558435,8.124087591240874,✅ Viable
LQD,PUT,2026-11-06,101.0,99.0,98.62317780325296,96.67024358932717,0.3892000000000001,0.38004099802996105,4.138746145940389,✅ Viable
LQD,PUT,2026-11-13,101.0,98.5,98.62317780325296,96.1820100358457,0.39270000000000005,0.38345863290433113,5.366182836771071,✅ Viable
LQD,PUT,2026-11-20,101.0,98.0,98.62317780325296,95.69377648236426,0.4943000000000001,0.4826676909717618,5.069188751770179,✅ Viable
LQD,CALL,2026-11-20,105.0,106.0,102.52904623110457,103.50551333806746,0.34945000000000004,0.34122643052818563,1.861639719559307,✅ Viable
XOM,PUT,2026-10-30,162.5,125.0,96.18799434808825,73.9907648831448,0.1905000000000001,0.11276192568191276,99.9,⚠️ Micro-Premium
XOM,CALL,2026-10-30,177.5,185.0,105.06688613406563,109.50633202705431,1.1108500000000001,0.6575411293635314,5.751586622856371,✅ Viable
XOM,CALL,2026-11-06,180.0,210.0,106.54670143172854,124.30448500368327,0.6267,0.37096009881813485,46.86979415988511,⚠️ Micro-Premium
XOM,PUT,2026-11-13,160.0,150.0,94.70817905042536,88.78891785977378,2.0482,1.2123830770692576,3.8823357094033786,✅ Viable
XOM,CALL,2026-11-13,180.0,190.0,106.54670143172854,112.46596262238012,1.4506999999999999,0.8587072209278254,5.8932239608464885,✅ Viable
XOM,PUT,2026-11-20,160.0,150.0,94.70817905042536,88.78891785977378,2.1380500000000002,1.2655676388672623,3.6771590935665674,✅ Viable
XOM,CALL,2026-11-20,180.0,195.0,106.54670143172854,115.42559321770591,1.9873500000000002,1.1763643727241428,6.547739452034116,✅ Viable
USO,PUT,2026-10-30,139.0,129.0,93.79217467092444,87.04453620539032,1.9394999999999998,1.3087044803903447,4.155968032998197,✅ Viable
USO,CALL,2026-10-30,162.0,175.0,109.31174314165295,118.08367314684732,1.6887500000000002,1.1395074458670769,6.698001480384899,✅ Viable
USO,PUT,2026-11-06,137.0,125.0,92.44264697781762,84.34548081917666,2.23955,1.5111673725486965,4.358219285124244,✅ Viable
USO,CALL,2026-11-06,164.0,180.0,110.66127083475976,121.45749237961438,1.8181500000000002,1.2268218876110883,7.800154002695047,✅ Viable
USO,PUT,2026-11-13,136.0,125.0,91.7678831312642,84.34548081917666,2.3136,1.561133635385977,3.754495159059474,✅ Viable
USO,CALL,2026-11-13,165.0,185.0,111.3360346813132,124.83131161238146,2.2839,1.5410931491433406,7.756950829721092,✅ Viable
USO,PUT,2026-11-20,136.0,122.0,91.7678831312642,82.32118927951642,2.8981000000000003,1.9555331036964472,3.830751181808771,✅ Viable
USO,CALL,2026-11-20,168.0,190.0,113.36032622097343,128.20513084514852,2.3464,1.583265889552929,8.376065461984316,✅ Viable
URA,PUT,2026-10-30,37.0,30.0,95.11567750295615,77.12081959699148,0.2701000000000001,0.6943444457715802,24.91632728619029,✅ Viable
URA,CALL,2026-10-30,42.0,45.0,107.96914743578805,115.6812293954872,0.3623,0.9313624313330003,7.280430582390284,✅ Viable
URA,PUT,2026-11-06,36.0,30.0,92.54498351638976,77.12081959699148,0.16300000000000003,0.4190231198103204,35.80981595092024,✅ Viable
URA,CALL,2026-11-06,42.5,48.0,109.25449442907124,123.39331135518634,0.39750000000000013,1.0218508596601374,12.836477987421379,✅ Viable
URA,PUT,2026-11-13,36.0,30.0,92.54498351638976,77.12081959699148,0.62385,1.6037274435194377,8.61769656167348,✅ Viable
URA,CALL,2026-11-13,43.0,46.0,110.53984142235444,118.25192338205359,0.6001000000000001,1.5426734613384863,3.9991668055324103,✅ Viable
URA,PUT,2026-11-20,36.0,32.0,92.54498351638976,82.26220757012423,0.7347000000000001,1.8886888719303214,4.444399074452156,✅ Viable
URA,CALL,2026-11-20,43.0,48.0,110.53984142235444,123.39331135518634,0.58325,1.4993572676648426,7.572653236176596,✅ Viable
ADM,PUT,2026-11-20,75.0,70.0,93.87908445736946,87.62047882687816,1.1048999999999998,1.3830266722259665,3.525296406914654,✅ Viable
ADM,CALL,2026-11-20,87.5,105.0,109.52559853359769,131.43071824031725,0.4647,0.5816748072978611,36.658704540563804,✅ Viable
FCX,PUT,2026-10-30,69.0,64.0,93.63549696563595,86.8503160260971,1.04685,1.4206133333112463,3.7762334622916365,✅ Viable
FCX,CALL,2026-10-30,80.0,86.0,108.56289503262137,116.70511216006798,0.784,1.0639163713196895,6.653061224489796,✅ Viable
FCX,CALL,2026-11-06,81.0,95.0,109.91993122052915,128.91843785123788,0.5895500000000001,0.8000406845810243,22.746925621236528,✅ Viable
FCX,PUT,2026-11-13,68.0,61.0,92.27846077772817,82.7792074623738,1.4120000000000001,1.9161350973257676,3.9575070821529743,✅ Viable
FCX,CALL,2026-11-13,83.0,90.0,112.63400359634468,122.13325691169905,1.0460500000000001,1.4195277043609202,5.691840734190525,✅ Viable
FCX,PUT,2026-11-20,67.5,60.0,91.59994268377429,81.42217127446604,1.5479500000000002,2.1006241670718286,3.845117736360993,✅ Viable
FCX,CALL,2026-11-20,82.5,90.0,111.9554855023908,122.13325691169905,1.1387,1.5452571071705747,5.586458241854746,✅ Viable
UNG,PUT,2026-10-30,10.0,9.5,90.8265194560817,86.28519348327761,0.07572500000000001,0.6877838185811788,5.60283922086497,✅ Viable
UNG,CALL,2026-10-30,12.0,15.5,108.99182334729804,140.78110515692663,0.09440000000000003,0.8574023436654113,36.07627118644067,✅ Viable
UNG,CALL,2026-11-06,12.5,15.5,113.53314932010213,140.78110515692663,0.049850000000000005,0.45277019948856734,59.180541624874614,⚠️ Micro-Premium
UNG,PUT,2026-11-13,10.0,8.5,90.8265194560817,77.20254153766945,0.09030000000000002,0.8201634706884179,15.611295681063119,✅ Viable
UNG,CALL,2026-11-13,12.5,15.0,113.53314932010213,136.23977918412254,0.14855000000000002,1.3492279465200938,15.829350387075056,✅ Viable
UNG,PUT,2026-11-20,10.0,9.0,90.8265194560817,81.74386751047352,0.253585,2.3032242936270477,2.9434509138947496,✅ Viable
UNG,CALL,2026-11-20,13.0,15.0,118.0744752929062,136.23977918412254,0.208925,1.8975930577361868,8.57281321048223,✅ Viable
SLV,PUT,2026-10-30,52.0,50.0,94.92515728140629,91.27418969365989,0.36715,0.6702263749205445,4.4473648372599754,✅ Viable
SLV,CALL,2026-10-30,58.0,62.0,105.87806004464547,113.17999522013827,0.49925000000000014,0.9113727840911943,7.0120180270405585,✅ Viable
SLV,PUT,2026-11-06,52.0,49.0,94.92515728140629,89.44870589978669,0.5788000000000002,1.0565900198938072,4.1831375259156856,✅ Viable
SLV,CALL,2026-11-06,59.0,63.5,107.70354383851866,115.91822091094805,0.5005000000000001,0.9136546388335356,7.991008991008989,✅ Viable
SLV,PUT,2026-11-13,51.5,48.0,94.01241538446968,87.62322210591348,0.63,1.1500547901401146,4.555555555555555,✅ Viable
SLV,CALL,2026-11-13,59.5,65.0,108.61628573545528,118.65644660175785,0.60975,1.1130887433141823,8.02009020090201,✅ Viable
SLV,PUT,2026-11-20,51.0,48.0,93.09967348753308,87.62322210591348,0.5829,1.064074503448687,4.14668039114771,✅ Viable
SLV,CALL,2026-11-20,60.0,66.0,109.52902763239187,120.48193039563104,0.6681999999999999,1.2197882710660706,7.979347500748281,✅ Viable
SIL,PUT,2026-11-20,80.0,70.0,92.11283984517029,80.598734864524,1.7954999999999999,2.0673575492750405,4.56947925368978,✅ Viable
SIL,CALL,2026-11-20,98.0,110.0,112.8382288103336,126.65515478710914,1.3826,1.5919401546241556,7.679299869810501,✅ Viable
MOS,PUT,2026-10-30,18.0,16.0,96.05122849436401,85.37886977276801,0.39963000000000004,2.1324973579557054,4.004629282085928,✅ Viable
MOS,CALL,2026-10-30,20.5,24.5,109.391676896359,130.73639433955103,0.17240000000000003,0.9199573218015754,22.201856148491874,✅ Viable
MOS,PUT,2026-11-06,17.0,16.0,90.71504913356601,85.37886977276801,0.2205,1.176627549055959,3.5351473922902494,✅ Viable
MOS,CALL,2026-11-06,21.0,24.0,112.05976657675801,128.06830465915203,0.24885,1.3279082339345822,11.055455093429778,✅ Viable
MOS,PUT,2026-11-13,17.0,15.0,90.71504913356601,80.04269041197001,0.25885,1.3812700275425627,6.726482518833301,✅ Viable
MOS,CALL,2026-11-13,21.0,24.0,112.05976657675801,128.06830465915203,0.2523000000000001,1.346318052729336,10.890606420927464,✅ Viable
MOS,PUT,2026-11-20,17.0,15.0,90.71504913356601,80.04269041197001,0.40770000000000006,2.175560325397345,3.9055678194751033,✅ Viable
MOS,CALL,2026-11-20,22.0,25.0,117.39594593755601,133.40448401995002,0.27605,1.4730523125482882,9.867596449918492,✅ Viable
ITB,PUT,2026-11-20,80.0,75.0,94.38414108510761,88.48513226728839,1.0575999999999999,1.2477583451451226,3.727685325264751,✅ Viable
ITB,CALL,2026-11-20,93.0,100.0,109.72156401143761,117.98017635638453,0.9102000000000001,1.0738555651958122,6.690617446715007,✅ Viable
XLE,PUT,2026-10-30,62.0,59.0,95.26736056484715,90.6576495697739,0.48020000000000007,0.7378610732780583,5.247396917950853,✅ Viable
XLE,CALL,2026-10-30,68.0,71.0,104.48678255499367,109.0964935500669,0.44029999999999997,0.6765519170435839,5.813536225300932,✅ Viable
XLE,PUT,2026-11-06,62.0,59.5,95.26736056484715,91.42593473561945,0.7221500000000001,1.1096342650307158,2.4618846500034617,✅ Viable
XLE,CALL,2026-11-06,68.5,80.0,105.2550677208392,122.92562653528665,0.32385,0.4976183019181573,34.51026709896556,✅ Viable
XLE,PUT,2026-11-13,60.5,58.0,92.96250506731053,89.12107923808283,1.1457000000000002,1.7604486290184744,1.1820720956620403,✅ Viable
XLE,CALL,2026-11-13,69.0,75.0,106.02335288668473,115.24277487683123,0.66595,1.023279012389677,8.009685411817703,✅ Viable
XLE,PUT,2026-11-20,62.0,58.0,95.26736056484715,89.12107923808283,0.8168500000000001,1.2551474754418614,3.896859888596437,✅ Viable
XLE,CALL,2026-11-20,70.0,75.0,107.55992321837581,115.24277487683123,0.37940000000000007,0.582974783843597,12.178703215603582,✅ Viable
GDX,PUT,2026-10-30,84.0,80.0,94.08602279179101,89.60573599218192,0.8697000000000003,0.974126357405008,3.599287110497871,✅ Viable
GDX,CALL,2026-10-30,96.0,102.0,107.52688319061832,114.24731339003196,0.8862000000000002,0.9926075404533954,5.770480704129991,✅ Viable
GDX,PUT,2026-11-06,83.5,75.0,93.52598694183988,84.00537749267055,1.3919000000000001,1.5590277990939754,5.1067605431424665,✅ Viable
GDX,CALL,2026-11-06,97.0,105.0,108.64695489052059,117.60752848973877,1.1097000000000001,1.2429435653815535,6.209155627647111,✅ Viable
GDX,PUT,2026-11-13,83.0,75.0,92.96595109188874,84.00537749267055,1.4592000000000003,1.6344086244973985,4.482456140350877,✅ Viable
GDX,CALL,2026-11-13,98.0,105.0,109.76702659042286,117.60752848973877,1.1165,1.2505600529408891,5.269592476489028,✅ Viable
GDX,PUT,2026-11-20,83.0,76.0,92.96595109188874,85.12544919257282,1.4912,1.670250918894271,3.6942060085836905,✅ Viable
GDX,CALL,2026-11-20,99.0,109.0,110.88709829032513,122.08781528934787,1.3572000000000002,1.5201613111073664,6.368110816386677,✅ Viable
XLF,PUT,2026-10-30,53.5,51.5,97.75260450845225,94.09830153617365,0.30174999999999996,0.551342960942532,5.628003314001658,✅ Viable
XLF,PUT,2026-11-06,53.0,50.5,96.8390287653826,92.27115005003435,0.29515,0.5392837611340127,7.470269354565475,✅ Viable
XLF,PUT,2026-11-13,53.0,50.0,96.8390287653826,91.35757430696471,0.3326,0.6077105842899293,8.019843656043294,✅ Viable
XLF,PUT,2026-11-20,53.0,50.0,96.8390287653826,91.35757430696471,0.41525,0.7587246546193419,6.2245635159542445,✅ Viable
XLF,CALL,2026-11-20,57.0,59.0,104.14763470993978,107.80193768221835,0.33724999999999994,0.6162068387004769,4.9303187546330625,✅ Viable
GLD,PUT,2026-10-30,374.0,360.0,97.24895029859346,93.60861526067819,2.2842000000000002,0.5939466638290032,5.129060502582961,✅ Viable
GLD,CALL,2026-10-30,399.0,413.0,103.749548580585,107.38988361850026,2.03845,0.5300457827170263,5.867963403566434,✅ Viable
GLD,PUT,2026-11-06,372.0,355.0,96.72890243603413,92.30849560427988,2.79795,0.7275339585239294,5.075876981361353,✅ Viable
GLD,CALL,2026-11-06,402.0,420.0,104.529620374424,109.2100511374579,2.4844000000000004,0.6460034548711915,6.24521011109322,✅ Viable
GLD,PUT,2026-11-13,370.0,355.0,96.20885457347481,92.30849560427988,2.6502500000000007,0.6891284238739235,4.6598434109989615,✅ Viable
GLD,CALL,2026-11-13,405.0,425.0,105.30969216826298,110.5101707938562,2.6474,0.6883873556697763,6.554581853894386,✅ Viable
GLD,PUT,2026-11-20,369.0,351.0,95.94883064219515,91.26839987916125,3.1545000000000005,0.8202454912216929,4.706134094151212,✅ Viable
GLD,CALL,2026-11-20,407.0,429.0,105.82974003082231,111.55026651897487,2.9678999999999998,0.7717250256449077,6.412648674146704,✅ Viable
XOP,PUT,2026-10-30,183.0,174.0,95.55137631453883,90.85212829906972,1.6430999999999998,0.8579260460241461,4.47745115939383,✅ Viable
XOP,CALL,2026-10-30,202.5,217.5,105.73308034805527,113.56516037383713,1.5714000000000004,0.8204887035009091,8.54562810232913,✅ Viable
XOP,PUT,2026-11-06,182.0,172.0,95.02923764615338,89.8078509622988,1.8962500000000002,0.990105449925925,4.273566249176005,✅ Viable
XOP,CALL,2026-11-06,205.0,230.0,107.03842701901891,120.09189372865536,1.24385,0.649462182671252,19.0988865216867,✅ Viable
XOP,PUT,2026-11-13,180.0,171.0,93.98496030938246,89.28571229391333,2.4955000000000003,1.302997046955911,2.6064916850330593,✅ Viable
XOP,CALL,2026-11-13,205.0,225.0,107.03842701901891,117.48120038672806,2.13105,1.1127036092628306,8.385044930902605,✅ Viable
XOP,PUT,2026-11-20,181.0,171.0,94.50709897776791,89.28571229391333,2.49505,1.3027620845551373,3.007935712711168,✅ Viable
XOP,CALL,2026-11-20,210.0,225.0,109.6491203609462,117.48120038672806,1.7721500000000001,0.9253080411792897,7.464294783172981,✅ Viable
KRE,PUT,2026-10-30,66.0,64.0,95.63831032740947,92.74017971142736,0.5283000000000001,0.7655412022116732,2.7857278061707356,✅ Viable
KRE,CALL,2026-10-30,74.0,77.5,107.23083279133789,112.30256136930656,0.6943000000000001,1.006086043338188,4.041048538095923,✅ Viable
KRE,PUT,2026-11-06,65.5,60.0,94.91377767341395,86.94391847946315,1.0194500000000002,1.4772496282314787,4.395065966942958,✅ Viable
KRE,CALL,2026-11-06,73.5,79.0,106.50630013734236,114.47615933129316,0.63285,0.9170409801621376,7.690843011772141,✅ Viable
KRE,PUT,2026-11-13,64.0,60.0,92.74017971142736,86.94391847946315,1.1295000000000002,1.6367192653758942,2.541389995573262,✅ Viable
KRE,CALL,2026-11-13,74.0,81.0,107.23083279133789,117.37428994727526,0.9380000000000002,1.3592232588956077,6.4626865671641776,✅ Viable
KRE,PUT,2026-11-20,65.0,60.0,94.18924501941842,86.94391847946315,0.5355000000000001,0.7759744724292088,8.337068160597571,✅ Viable
KRE,CALL,2026-11-20,74.0,77.0,107.23083279133789,111.57802871531104,1.04025,1.5073901866376922,1.8839221341023795,✅ Viable
XME,PUT,2026-11-20,98.0,80.0,92.14856737759808,75.22332030824333,1.3534500000000005,1.2726375358898996,12.299346115482649,✅ Viable
XME,CALL,2026-11-20,115.0,125.0,108.13352294309979,117.5364379816302,0.9773000000000003,0.9189468867155779,9.232272587741734,✅ Viable
XLB,CALL,2026-10-30,52.5,53.0,106.21080250024349,107.22233395262674,0.39845,0.8060894144042289,0.2548625925461161,✅ Viable
XLB,PUT,2026-11-06,46.0,42.0,93.06089361926095,84.96864200019478,0.7160000000000002,1.448513039812845,4.586592178770948,✅ Viable
XLB,CALL,2026-11-06,53.5,60.0,108.23386540501004,121.38377428599256,0.4644500000000001,0.9396115661188208,12.995047906125523,✅ Viable
XLB,PUT,2026-11-13,48.0,44.5,97.10701942879403,90.02629926211114,0.3450500000000001,0.6980578552896957,9.143457469931892,✅ Viable
XLB,CALL,2026-11-13,51.5,60.0,104.18773959547694,121.38377428599256,0.09055000000000002,0.18318834602661047,92.870789618995,⚠️ Micro-Premium
XLB,PUT,2026-11-20,43.0,40.0,86.99170490496132,80.9225161906617,1.5873,3.2112077487359327,0.8900018900018901,✅ Viable
XRT,CALL,2026-10-30,87.5,92.0,104.05518350649854,109.40659294397561,0.2542500000000001,0.3023546332174545,16.699115044247783,✅ Viable
XRT,PUT,2026-11-06,80.5,75.0,95.73076882597866,89.19015729128446,0.4455,0.5297895343102298,11.345679012345679,✅ Viable
XRT,CALL,2026-11-06,87.5,94.0,104.05518350649854,111.78499713840988,0.29535,0.3512308394130782,21.007787370915864,✅ Viable
XRT,CALL,2026-11-13,90.0,95.0,107.02818874954136,112.974199235627,0.7342500000000001,0.8731716398816751,5.809669731018045,✅ Viable
XRT,PUT,2026-11-20,80.0,76.0,95.1361677773701,90.3793593885016,0.6655,0.7914139956979975,5.010518407212623,✅ Viable
XRT,CALL,2026-11-20,89.0,93.0,105.83898665232422,110.59579504119274,0.5850000000000001,0.695683226872019,5.837606837606837,✅ Viable
XLY,PUT,2026-10-30,110.0,103.0,97.47452502201438,91.27160070243163,0.5903,0.5230837465499554,10.858377096391663,✅ Viable
XLY,PUT,2026-11-06,108.5,103.0,96.14532695353235,91.27160070243163,0.9042500000000001,0.801284902283241,5.082388719933646,✅ Viable
XLY,CALL,2026-11-06,117.0,124.0,103.67744934159711,109.88037366117985,0.5377000000000001,0.47647320094851936,12.018411753766038,✅ Viable
XLY,PUT,2026-11-13,107.0,102.0,94.81612888505035,90.38546865677695,1.0247,0.9080195071823465,3.879476920074168,✅ Viable
XLY,CALL,2026-11-13,118.0,125.0,104.56358138725177,110.76650570683451,0.6154999999999999,0.5454142741004531,10.372867587327377,✅ Viable
XLY,PUT,2026-11-20,108.0,101.0,95.70226093070502,89.49933661112229,0.8711500000000001,0.7719539315720712,7.035355564483727,✅ Viable
XLY,CALL,2026-11-20,118.0,126.0,104.56358138725177,111.6526377524892,0.59325,0.5256978360846366,12.485040033712599,✅ Viable
XLI,CALL,2026-10-30,176.0,183.0,103.98818316100443,108.12407680945346,0.6857000000000002,0.4051403249630725,9.208546011375233,✅ Viable
XLI,PUT,2026-11-06,162.5,157.5,96.01181683899557,93.0576070901034,1.6382000000000003,0.9679172821270312,2.0521303870101324,✅ Viable
XLI,CALL,2026-11-06,179.0,183.0,105.76070901033974,108.12407680945346,1.1597000000000002,0.6851994091580503,2.44916788824696,✅ Viable
XLI,PUT,2026-11-13,163.0,140.0,96.30723781388478,82.7178729689808,0.06595000000000018,0.03896602658788784,99.9,⚠️ Micro-Premium
XLI,CALL,2026-11-13,182.5,205.0,107.82865583456424,121.12259970457902,1.0748000000000004,0.6350369276218614,19.93412727949385,✅ Viable
XLI,PUT,2026-11-20,161.0,152.0,95.12555391432792,89.80797636632201,2.08475,1.231757754800591,3.317064396210577,✅ Viable
XLI,CALL,2026-11-20,179.0,186.0,105.76070901033974,109.89660265878878,1.4297500000000003,0.8447562776957166,3.8959608323133406,✅ Viable
XHB,PUT,2026-10-30,91.0,80.0,96.02195127507981,84.41490221985039,0.5053000000000001,0.5331856261461301,20.76924599247971,✅ Viable
XHB,CALL,2026-10-30,100.5,110.0,106.04622091368705,116.07049055229427,0.9742000000000002,1.0279624717822282,8.7515910490659,✅ Viable
XHB,PUT,2026-11-06,90.0,85.0,94.9667649973317,89.69083360859103,0.68865,0.7266540301712496,6.260582298700356,✅ Viable
XHB,CALL,2026-11-06,100.5,108.0,106.04622091368705,113.96011799679802,0.9560500000000001,1.0088108408410996,6.844777992782803,✅ Viable
XHB,PUT,2026-11-13,89.0,85.0,93.91157871958356,89.69083360859103,0.7835000000000001,0.8267384486156598,4.105296745373324,✅ Viable
XHB,CALL,2026-11-13,102.0,110.0,107.62900033030924,116.07049055229427,0.8939000000000001,0.9432310136790535,7.949546929186709,✅ Viable
XHB,PUT,2026-11-20,85.0,84.0,89.69083360859103,88.6356473308429,1.9378500000000005,2.044792728334214,-0.4839641871145859,✅ Viable
XHB,CALL,2026-11-20,103.0,110.0,108.68418660805736,116.07049055229427,0.9384500000000002,0.9902395623527327,6.459108103788159,✅ Viable
IBB,PUT,2026-11-20,196.0,180.0,94.91984831512276,87.1712892689903,1.7332500000000004,0.8393868729193192,8.231213039088416,✅ Viable
IBB,CALL,2026-11-20,220.0,240.0,106.54268688432147,116.22838569198706,1.1913500000000001,0.57695286372562,15.787677844462163,✅ Viable
XLK,PUT,2026-10-30,192.0,182.5,96.58919467706374,91.8100418154382,1.39425,0.701403566033834,5.813699121391429,✅ Viable
XLK,CALL,2026-10-30,207.5,212.5,104.38675987234754,106.90210348372942,0.82455,0.41480531495298395,5.063913649869625,✅ Viable
XLK,PUT,2026-11-06,190.0,177.5,95.58305723251101,89.29469820405633,1.354,0.68115504996221,8.231905465288035,✅ Viable
XLK,CALL,2026-11-06,207.5,245.0,104.38675987234754,123.25183695771156,0.5770500000000001,0.29029580618958145,63.98570314530802,⚠️ Micro-Premium
XLK,PUT,2026-11-13,189.0,175.0,95.07998851023463,88.0370263983654,1.7307500000000002,0.8706861910798339,7.088978766430737,✅ Viable
XLK,CALL,2026-11-13,210.0,245.0,105.64443167803847,123.25183695771156,0.7559000000000002,0.380269647168711,45.30242095515279,⚠️ Micro-Premium
XLK,PUT,2026-11-20,189.0,175.0,95.07998851023463,88.0370263983654,1.9857499999999997,0.9989687152603088,6.050232909480046,✅ Viable
XLK,CALL,2026-11-20,210.0,220.0,105.64443167803847,110.67511890080222,1.6969999999999998,0.853707621703006,4.892751915144373,✅ Viable
ARKK,PUT,2026-10-30,85.5,81.0,95.40280894854229,90.38160847756636,0.8559000000000001,0.955032329579618,4.257623554153522,✅ Viable
ARKK,CALL,2026-10-30,95.0,100.0,106.00312105393587,111.58223268835354,0.7157,0.7985940393505463,5.98616738857063,✅ Viable
ARKK,PUT,2026-11-06,85.0,79.0,94.84489778510051,88.14996382379931,0.9078000000000002,1.0129435083448737,5.609385327164572,✅ Viable
ARKK,CALL,2026-11-06,96.0,100.0,107.1189433808194,111.58223268835354,0.8420000000000002,0.9395223992359372,3.7505938242280275,✅ Viable
ARKK,PUT,2026-11-13,84.0,78.0,93.72907545821698,87.03414149691577,0.9868000000000002,1.1010934721686731,5.080259424402106,✅ Viable
ARKK,CALL,2026-11-13,96.0,105.0,107.1189433808194,117.16134432277123,1.48015,1.6515844171366652,5.080464817754957,✅ Viable
ARKK,CALL,2026-11-20,96.0,105.0,107.1189433808194,117.16134432277123,1.5082000000000002,1.6828832334057484,4.967378331786234,✅ Viable
ARKG,PUT,2026-10-30,47.5,43.0,92.59259396964022,83.82066401462167,0.7726000000000002,1.5060429073882957,4.82448873932177,✅ Viable
ARKG,CALL,2026-10-30,56.5,61.0,110.1364538796773,118.90838383469587,0.6792500000000001,1.3240740937658555,5.624953993375045,✅ Viable
ARKG,PUT,2026-11-06,47.0,41.0,91.61793508574927,79.92202847905787,0.8542500000000001,1.6652047031276878,6.023705004389814,✅ Viable
ARKG,CALL,2026-11-06,57.0,61.0,111.11111276356826,118.90838383469587,0.6764500000000002,1.3186160040160662,4.913223445930962,✅ Viable
ARKG,PUT,2026-11-13,46.0,42.0,89.66861731796737,81.87134624683978,0.8759,1.7074074328001656,3.5667313620276286,✅ Viable
ARKG,CALL,2026-11-13,58.0,65.0,113.06043053135015,126.70565490582347,0.7705000000000002,1.5019493400759536,8.085009733938998,✅ Viable
ARKG,PUT,2026-11-20,46.0,42.0,89.66861731796737,81.87134624683978,0.9405,1.8333333605988762,3.253056884635832,✅ Viable
ARKG,CALL,2026-11-20,58.0,65.0,113.06043053135015,126.70565490582347,1.0137500000000002,1.9761208870889007,5.90505548705302,✅ Viable
XLU,PUT,2026-10-30,40.5,35.0,97.80246353352986,84.52064749811223,0.08995000000000003,0.21721806407014851,60.1450806003335,⚠️ Micro-Premium
XLU,CALL,2026-10-30,43.0,44.0,103.83965264053788,106.25452828334107,0.14832,0.35817435534057157,5.742179072276159,✅ Viable
XLU,PUT,2026-11-06,40.0,38.5,96.59502571212826,92.97271224792345,0.15855000000000005,0.38287853316644854,8.460737937559127,✅ Viable
XLU,CALL,2026-11-06,43.0,50.0,103.83965264053788,120.74378214016033,0.03750000000000003,0.09055783660512032,99.9,⚠️ Micro-Premium
XLU,PUT,2026-11-13,40.0,37.0,96.59502571212826,89.35039878371865,0.15560000000000002,0.375754650020179,18.280205655526988,✅ Viable
XLU,CALL,2026-11-13,43.5,51.0,105.04709046193948,123.15865778296353,0.18645,0.4502535636006578,39.22526146419952,✅ Viable
XLU,CALL,2026-11-20,43.0,51.0,103.83965264053788,123.15865778296353,0.17170000000000002,0.41463414786931063,45.592894583576,⚠️ Micro-Premium
XLRE,PUT,2026-11-20,40.0,37.0,96.13073639332984,88.9209311638301,0.048850000000000005,0.11739966182035409,60.41248720573183,⚠️ Micro-Premium
VNQ,PUT,2026-11-20,87.0,83.0,95.97352292946526,91.5609471625933,0.5398000000000001,0.5954770997393719,6.410151908114115,✅ Viable
XLV,CALL,2026-10-30,177.0,205.0,103.62391108827389,120.01639419828332,0.10280000000000022,0.06018383084674904,99.9,⚠️ Micro-Premium
XLV,CALL,2026-11-06,179.0,195.0,104.79480273898885,114.16193594470853,0.7657499999999999,0.44830514076749,19.89454782892589,✅ Viable
XLV,CALL,2026-11-13,180.0,200.0,105.38024856434633,117.08916507149594,0.7467000000000001,0.43715239779443016,25.784518548279088,✅ Viable
XLV,CALL,2026-11-20,179.0,195.0,104.79480273898885,114.16193594470853,0.6257500000000001,0.366342725217443,24.569316819816216,✅ Viable
XLP,PUT,2026-10-30,81.5,80.0,97.68668308987642,95.88876867717931,0.30269999999999997,0.3628191284822772,3.955401387512389,✅ Viable
XLP,CALL,2026-10-30,85.5,93.0,102.48112152373538,111.47069358722095,0.07200000000000006,0.08629989180946146,99.9,⚠️ Micro-Premium
XLP,CALL,2026-11-06,86.0,88.0,103.08042632796777,105.47764554489724,0.35750000000000004,0.4285029350261451,4.594405594405594,✅ Viable
XLP,PUT,2026-11-20,81.0,77.0,97.08737828564405,92.29293985178509,0.48314999999999997,0.5791082323297397,7.279002380213185,✅ Viable
XLP,CALL,2026-11-20,87.0,94.0,104.2790359364325,112.66930319568569,0.3302,0.3957808927150576,20.199273167777108,✅ Viable
ITA,PUT,2026-11-20,199.0,180.0,96.29809139974307,87.10380126609925,1.6803000000000001,0.8131139848190366,10.307504612271618,✅ Viable
ITA,CALL,2026-11-20,220.0,240.0,106.46020154745466,116.13840168813235,1.8665500000000002,0.9032422236290977,9.714955398998152,✅ Viable
SMH,PUT,2026-10-30,575.0,540.0,95.30439124734862,89.50325438881436,5.51155,0.9135215957901291,5.350300732098956,✅ Viable
SMH,CALL,2026-10-30,637.5,665.0,105.66356420901695,110.22160031215103,4.443650000000001,0.7365206228978796,5.188606213360637,✅ Viable
SMH,PUT,2026-11-06,570.0,530.0,94.47565741041515,87.84578671494742,6.492000000000001,1.0760280138744127,5.161429451632777,✅ Viable
SMH,CALL,2026-11-06,642.5,680.0,106.49229804595042,112.70780182295141,5.384750000000001,0.8925049056854968,5.964111611495425,✅ Viable
SMH,PUT,2026-11-13,565.0,520.0,93.64692357348169,86.18831904108049,7.140000000000001,1.1834319191409899,5.302521008403361,✅ Viable
SMH,CALL,2026-11-13,650.0,690.0,107.73539880135061,114.36526949681836,6.069949999999999,1.0060745906988584,5.589840114004235,✅ Viable
SMH,PUT,2026-11-20,565.0,515.0,93.64692357348169,85.35958520414702,8.44575,1.3998557606561646,4.920137347186454,✅ Viable
SMH,CALL,2026-11-20,655.0,700.0,108.56413263828408,116.02273717068528,6.958300000000001,1.1533157315068279,5.467096848368135,✅ Viable
