Ticker,Strategy,1d,10d,20d,60d,ytd,1y,Sharpe_10d,Sharpe_20d,Sharpe_60d,Sharpe_ytd,Sharpe_1y
SPY,Selling Daily ATM Straddle,0.0014592383062688175,-0.0003124401541231281,-0.0014097229897180874,0.007943394907627521,0.03705327209203424,0.07865765799853719,-0.47913648300356076,-0.4656069670968777,0.9622796443359943,1.035945472760487,1.5669480867750485
SPY,Selling Daily ATM Call,-0.00197240089046391,-0.0031041580074755437,-0.005118410055893752,-0.014771272752250764,-0.03831200468379459,-0.03266780631096322,-1.8567893366555022,-1.2512642558943077,-1.0514235552843783,-0.9392208810735033,-0.6003056554581561
SPY,Selling Daily ATM Put,0.0034316391967328386,0.0027325639972644034,0.0035245515082960033,0.022278583970307242,0.07539100428461243,0.11106660708714,1.4684564394048005,0.7200312912978007,1.4398072661535781,1.2446170241115293,1.319919877360145
SPY,Selling Daily Strangle,0.002232783703169927,0.0033890700546466146,0.00371826243239215,0.012243939586778607,0.03356631029203294,0.04912300714962048,3.424865594279834,1.6342265500956605,1.7176479961402478,1.0501914626589903,1.0874430363505618
SPY,Selling Daily 25d Call,-0.0009573501536078721,0.0001640991873335107,-0.0023122552715622025,-0.0073290759570869835,-0.010108956464872088,-0.0034758799651035677,0.22715453963208745,-1.096572272239369,-0.9704402445515385,-0.5157135540400748,-0.1250242685352824
SPY,Selling Daily 25d Put,0.0031901338567779103,0.00320051761291551,0.00598218689550456,0.01947543893312198,0.043350444665491095,0.0517535920922374,2.0284861619393095,1.8091398042949727,1.868500353930815,1.0491786872610838,0.9023226037152093
SPY,"Sell 25d Put, Buy 25d Call",0.004147484010385671,0.0029991646585236786,0.00819862792209669,0.026522695279358466,0.05269365536588788,0.05371829674560691,1.3396129984348917,1.6413387483593722,1.6034875686763004,0.9515825590940499,0.7182293596511612
SPY,Stock,0.005497980202108899,0.007226890756302673,0.011555590179046948,0.04606729504014706,0.14351763514406013,0.1851801143969809,2.106346668987214,1.3732936716724258,1.6554382680054502,1.459764218950071,1.3760903498953134
QQQ,Selling Daily ATM Straddle,-0.0001651759650302953,0.013215449282744984,-0.0035494883031913504,0.021281142159158772,0.015717600247259655,0.0419316020045184,4.325604624937009,-0.5760009400546021,1.22909125840819,0.33404792335873,0.6113574705353978
QQQ,Selling Daily ATM Call,-0.0023233724873441552,-0.004885858256808651,-0.027970984271875943,-0.019782585211330916,-0.0923651638935804,-0.09359363928647024,-2.1366939384974297,-4.016376949569048,-0.7520416131953236,-1.306855790182559,-1.0267018242674268
QQQ,Selling Daily ATM Put,0.00215819652231386,0.018158165176225927,0.024749650881744634,0.03970612989671074,0.11116236373603172,0.13947566852520787,7.262143847066713,3.9022453368045156,1.5255752152879252,1.2483504238496181,1.1596472655544132
QQQ,Selling Daily Strangle,0.0005068271000070457,0.00266558187115451,-0.0018835537043934147,0.018650502424962134,0.0204006258715701,0.034025836636093265,2.0013633120033,-0.6211847824455704,1.7272314131386184,0.5110296615503644,0.6200801618647592
QQQ,Selling Daily 25d Call,-0.0008550430598401881,-0.0023467329261704917,-0.015760130741218292,-0.00978772252016924,-0.03932748247812945,-0.03591959501979003,-2.1181153333221325,-3.9124552226521474,-0.7136674354929563,-1.1372606223461836,-0.8106308584070301
QQQ,Selling Daily 25d Put,0.0013618701598472338,0.00498629707772813,0.013920717547876826,0.02807495328023002,0.06023861926706564,0.07008186461847554,2.5760192795536407,3.1283039790319696,1.813032674291588,1.0737441785265271,0.9244288008794933
QQQ,"Sell 25d Put, Buy 25d Call",0.002216913219687422,0.00728404405884131,0.029763850414772364,0.036836718282516,0.09983369651697505,0.10526547391290397,2.5641957178649317,3.728093321871338,1.4053306825525855,1.1930158664961306,0.9563354367298694
QQQ,Stock,0.004575509124570054,0.024532347903488905,0.056609547123623205,0.066039854055572,0.24056503633542747,0.2831661092530664,6.737599919847302,4.674099617726182,1.4275166991124821,1.518906315053339,1.348431245939307
DIA,Selling Daily ATM Straddle,-0.0015262604629784349,7.865962341568888e-05,0.0006484821022543219,0.006243311342962299,0.03349414926356675,0.07694230503389332,0.0625740727398454,0.14641960349634112,0.4421952147223181,0.6951663550445702,0.9030860414551523
DIA,Selling Daily ATM Call,-0.003108224378989055,0.00575735670933919,0.020487581130045784,0.019882335483649705,-0.006767981854330696,-0.008871929178749016,2.3677017338068573,4.719741971659473,1.3265117139034621,-0.11065572505571147,-0.10726723956199395
DIA,Selling Daily ATM Put,0.0015819639160106203,-0.005669839901167761,-0.019598361109160245,-0.013927071186382367,0.038109812305652024,0.08424634998227298,-1.9020292403315797,-3.1569157137207835,-0.8236931023952514,0.6614228844090169,0.9702370212986443
DIA,Selling Daily Strangle,0.0023126174993677306,0.0015311517041811662,0.0008517009278887766,0.008034402298591425,0.01907302838357139,0.03937276991187577,1.7681906299301398,0.4152704833611206,1.1229213854166855,0.6923960895065283,1.0601502960306723
DIA,Selling Daily 25d Call,-0.0007371495385974924,0.0027807763648848294,0.009509552259994836,0.009009231965816378,-0.002076167740692747,0.0003241951628070172,3.4763506066841376,5.051197032773998,1.1720834457011207,-0.07029424849995818,0.026165340764539163
DIA,Selling Daily 25d Put,0.003049767037965223,-0.0012677657057226233,-0.00862929115821065,-0.0011793654697015432,0.0204144588499644,0.038038460857886314,-0.882447995222685,-2.8401332992152497,-0.10085752656473504,0.579940947643006,0.8083337810350623
DIA,"Sell 25d Put, Buy 25d Call",0.0037869165765624935,-0.004074107331294097,-0.018066389096330848,-0.010556067051482154,0.020957069807976625,0.03564241965733683,-1.8973103247590042,-3.952565208706112,-0.6269110424939672,0.41544395106244303,0.5211743328699399
DIA,Stock,0.004784128409911714,-0.010042710377467512,-0.0365488316357101,-0.02523300750170554,0.06841635348103137,0.12894095965246954,-2.4483114255484115,-4.107310213872325,-0.8679259748613434,0.753178913059283,1.0226533499003647
IWM,Selling Daily ATM Straddle,0.003936734174252443,0.013672044777289782,0.011646613200879896,0.03329651723600202,0.06297499986959543,0.10878138146484106,9.53386615072128,3.042503925042795,2.8256312676757402,1.2206670436789693,1.3923378353605316
IWM,Selling Daily ATM Call,0.0056147443010508,0.014950396873191663,0.032989868970964675,0.04882380290563271,-0.025947702597138633,-0.023801940747717465,5.906380907326293,7.091359017166573,2.939254481566342,-0.37256172682418376,-0.2378292563819785
IWM,Selling Daily ATM Put,-0.0016780101267982461,-0.0013526123001671442,-0.020872314391718993,-0.01582093452303457,0.08540995350393876,0.12744384307099454,-0.6798418465746585,-4.290091898782515,-0.7999249124868831,1.0704458115644178,1.1016223619846333
IWM,Selling Daily Strangle,-0.0007281036453700152,0.00046733780245689083,0.005715145453365267,0.026433878425928148,0.05301649188863644,0.06914069283289193,0.3776377368970835,1.9591075618676752,3.6177753010876406,1.6021202595144226,1.479857354955247
IWM,Selling Daily 25d Call,0.0013769150957241294,0.0067888714859942745,0.01504892524318624,0.025708802000115938,-0.0034730750388434206,-0.00011045056553027344,6.127574083593334,7.5026459735018145,3.3075091701172163,-0.09379251661374051,0.01876280223566458
IWM,Selling Daily 25d Put,-0.0021050187410941446,-0.006331933711346438,-0.009288350356631558,0.0003854590358354226,0.055053193321590976,0.0668957980385192,-2.8888415143449815,-2.1070526602676694,0.05680911136168599,1.127127733850293,0.9785972180405409
IWM,"Sell 25d Put, Buy 25d Call",-0.003481933836818385,-0.013117184139202709,-0.024125788652843094,-0.025252121915271486,0.055764824513898636,0.06272504035054371,-4.076274382600814,-3.943864045594536,-1.3017167793158673,0.7778197571631277,0.6340532135455619
IWM,Stock,-0.007198814312936785,-0.014846978079697593,-0.04955913651565835,-0.05457356005107894,0.1328823387291609,0.1817532658461809,-3.450698525863368,-5.802799761394763,-1.6075186232190024,1.013144800128849,0.9824979671140047
EFA,Selling Daily ATM Straddle,-0.0010450012717516666,-0.004126656068641821,-0.0007419940700532646,0.011010143616451584,-0.034228272049554254,0.04951590919864102,-0.8703901207691961,-0.029189996200576045,0.5783976715080261,-0.3425670038550648,0.4209151399621602
EFA,Selling Daily ATM Call,-0.0013887286943479182,0.007666631421003656,0.020585432527242986,0.009785483892071012,-0.04421019600774012,-0.034073902054907124,2.7747078974449852,3.7048875610917893,0.6072263414358487,-0.6680778368449718,-0.33481963976829304
EFA,Selling Daily ATM Put,0.00034372742259614064,-0.011736297087429404,-0.021005009775289962,0.0005155716610802941,0.007363451832990142,0.08462823459772495,-3.0492254906243446,-2.5967658459334926,0.06840512090773218,0.14352744165573145,0.7471478343710511
EFA,Selling Daily Strangle,-0.0019671468521565982,-0.0027045446517742766,-0.005030802421570613,0.006332769395634319,-0.009228786069596873,0.0025011453718850607,-2.4120100747361795,-2.287641365739898,0.9134031951984675,-0.10607099726502883,0.07108818403123784
EFA,Selling Daily 25d Call,-0.001819065123887298,0.0027522293931203645,0.00736370280613885,0.0028951014003693043,-0.023517249083919833,-0.01917932993944993,1.9486985576454066,2.773255250653943,0.40143373862239196,-0.5650494666239321,-0.370412618627341
EFA,Selling Daily 25d Put,-0.00014808172826930033,-0.005487906079753135,-0.012412030260892548,0.0031368767307526912,0.014174262521114755,0.021444677640436227,-3.0673704978368463,-3.175538069982541,0.2949165132525347,0.2973114653167092,0.34173057956118125
EFA,"Sell 25d Put, Buy 25d Call",0.0016709833956181086,-0.008309932110766582,-0.019824505013716576,-0.00028069398768726384,0.03583879619261232,0.03824743850522494,-2.7233377793722657,-3.133376110915488,0.02208569440541119,0.5375808059452565,0.4538190800301861
EFA,Stock,0.0018263962318560978,-0.017996796381796076,-0.03811721273650204,-0.001437194596148772,0.07399010717229948,0.15440850686752317,-3.613175655679644,-3.641131310414494,0.024273946224076186,0.6454328780903578,0.9760827513578153
VGK,Selling Daily ATM Straddle,0.009135321782952177,0.0016579644709593389,-0.006282806647718409,0.01187817314312789,-0.016866582850348144,0.05701222693022201,0.5276539847605798,-1.0492554454008602,0.6740594056599816,-0.09720859674078369,0.41617618100081355
VGK,Selling Daily ATM Call,-0.001556058783607317,0.010954270867358007,0.028975378406041807,0.017487951600254403,-0.00916799025535564,-0.003406097309612388,5.333005838655699,7.285427744042738,1.1996429089019327,-0.08438626384706192,0.020404461667512513
VGK,Selling Daily ATM Put,0.010691380566559383,-0.009363337132543115,-0.03464767307035321,-0.006323511784757541,-0.009566353509720793,0.060954334816722966,-1.9869952216263076,-3.9904683852145686,-0.231712833609437,-0.04472588106917544,0.5343597469074585
VGK,Selling Daily Strangle,0.009380671024068699,0.00013328148591806865,-0.010361076594589735,-0.003123915667518462,-0.026699979500643622,-0.03091760124244236,0.10523877117850586,-0.8145826350173194,-0.07886018172235627,-0.3776124078262827,-0.2627216690550657
VGK,Selling Daily 25d Call,0.0011870331460435146,0.006049938519394171,0.015782458078883455,0.013020773317959256,0.006389701906164502,-0.012474362275367246,3.5503941181976315,5.164018500373366,1.5433866485456977,0.2296229684542797,-0.16330209928464173
VGK,Selling Daily 25d Put,0.008193637878024962,-0.005849458869339741,-0.025797197008982642,-0.01608808045628185,-0.03365450831803185,-0.01974417516311011,-0.7166719015761114,-2.170362435042944,-0.618387329503058,-0.48114790815810055,-0.1761459211647293
VGK,"Sell 25d Put, Buy 25d Call",0.007006604731981447,-0.011865792937833852,-0.04111156389876369,-0.029175435934421623,-0.041908539636600906,-0.012527435301902368,-1.5468376921485953,-3.327500620004515,-1.037757944436718,-0.48471369523123914,-0.04487759620330637
VGK,Stock,0.012750029243186356,-0.018478630540754826,-0.05870841487279865,-0.014232039166571786,0.01810912511759155,0.09789500380421168,-2.8677418770411665,-4.873579042541056,-0.35835898202385447,0.23762787743677596,0.6581661406711913
INDA,Selling Daily ATM Straddle,0.006856563001297555,0.0019835498268174767,0.0012997192994781415,0.030111431829682234,0.04384383563914107,0.07311836524638604,0.6690905181507548,0.24625197200176593,1.462518990483021,0.6730595412232911,0.8538866345173316
INDA,Selling Daily ATM Call,-0.0003109326123755807,0.015507876689343503,0.03601599402831224,0.04531928303039412,0.10675902801505188,0.11796786871158749,8.058387413220801,7.66766914971887,2.9644631658101854,1.612549261498057,1.3706315834792508
INDA,Selling Daily ATM Put,0.007167495613673136,-0.013446676524595302,-0.03385471651207461,-0.015103702770580596,-0.06020983087209486,-0.044130641421041394,-3.361582184219887,-4.166892464821506,-0.6533788845389782,-0.785855377721474,-0.4326769899801194
INDA,Selling Daily Strangle,0.0031416058186837237,0.00434329811290457,-0.0020647987080716357,0.017647843346197734,0.029492230564244437,0.051544253855813515,2.5545970057652148,-0.4689672721870416,1.25897808899977,0.7924708561574593,1.0374999130268627
INDA,Selling Daily 25d Call,0.000710265581318259,0.01044900807190996,0.018817420415532915,0.021612075533781416,0.05648738048525792,0.06308484871835596,14.271530757946199,9.661389411854184,1.6754248053200103,1.560853645556461,1.3693247338872718
INDA,Selling Daily 25d Put,0.0024313402373656867,-0.006073418860779611,-0.020569092572279346,-0.0041178266661571206,-0.026671006283985,-0.012141647930963062,-2.8246023176780057,-4.315297906395537,-0.31348443797517195,-0.6148769866281821,-0.19617522923167144
INDA,"Sell 25d Put, Buy 25d Call",0.0017210746560474277,-0.016404661831192602,-0.038790312518722336,-0.02610208967239691,-0.08145874834577604,-0.07389331000612798,-6.094953148827876,-6.578938104532492,-1.2309794515772945,-1.1992468137923114,-0.8345859007305181
INDA,Stock,0.00798101811906804,-0.026863806747189023,-0.06483890334200548,-0.049816998779991906,-0.1359097633136086,-0.12079021636876686,-4.949152704477446,-5.649755949261532,-1.5799396756087936,-1.1222808183681976,-0.7499982825600343
FXI,Selling Daily ATM Straddle,-0.008308383828528942,0.004338617095390518,-0.0005990837492051426,0.027187167411233837,0.08747846601254161,0.1558206356352425,1.2525518269773588,-0.054250263869057236,1.305507416214479,1.2274304071039064,1.3155907411742038
FXI,Selling Daily ATM Call,-0.0029255379572514784,0.019302173374578846,0.03128059025876184,-0.012770084649077473,0.13702589598054948,0.17911933245878275,6.133005902168553,4.96386698370278,-0.48635333609982045,1.7061594652906806,1.5419803236874612
FXI,Selling Daily ATM Put,-0.005382845871277464,-0.01493753572332468,-0.031457577860692476,0.038835735165623,-0.0487207634115745,-0.026216839722196794,-3.0493190699763915,-3.3467110639246394,1.5648973423650363,-0.54959413801342,-0.16461185736886713
FXI,Selling Daily Strangle,0.00027031697231705287,0.0006800779942124358,0.002257058494395281,0.03494973912754018,0.06298695475312299,0.08540649650176402,0.4641743545254087,0.7233615446647573,3.585886989830679,1.5690183119083558,1.3404656947717946
FXI,Selling Daily 25d Call,0.0017591463219512882,0.010123178215096562,0.017158254938993034,0.003109524933869512,0.07082584210202558,0.0998450558431363,4.901877627817252,4.56234724189232,0.2841487720294652,1.6084863509427096,1.6713847943032776
FXI,Selling Daily 25d Put,-0.0014888293496343463,-0.00944307807279865,-0.014797307784025993,0.0313094687336537,-0.008842090252148327,-0.015124525014488244,-3.975531466042503,-3.3877243156063948,2.5191311214581336,-0.1729553441752112,-0.1908301895889906
FXI,"Sell 25d Put, Buy 25d Call",-0.0032479756715856345,-0.01956894538746079,-0.031738922638694156,0.027075092870298523,-0.07823342829029545,-0.10937562496152253,-4.679178710685796,-4.262974211976668,1.2416818894243695,-0.9968615128067387,-1.0031712025333448
FXI,Stock,-0.0023633677991137247,-0.03265539959896868,-0.058807134894091395,0.058288937637106075,-0.15193370165745812,-0.15848492399700953,-4.403951199209273,-4.050792276942699,1.3672556132393676,-1.0477057842156872,-0.7677346854415522
EWJ,Selling Daily ATM Straddle,-0.017599224885354037,-0.003640553067482233,0.00044951969686035653,0.0067090969105365605,-0.012371393213556292,0.13405797847891998,-0.5020878438126468,0.1082270957971087,0.2534114308291763,-0.05297245754859739,0.7836332852966759
EWJ,Selling Daily ATM Call,-0.008853347319762728,-0.008348412840500807,-0.004122343145347096,-0.026096246267720113,-0.09849073204896908,-0.04932091497312674,-1.4910777534150046,-0.3906563452980448,-1.0175650393789795,-1.1521366775940456,-0.34110040757881904
EWJ,Selling Daily ATM Put,-0.008745877565591309,0.004666851754165258,0.004387790298479688,0.03240211755618927,0.08874227631207043,0.18898611808017574,1.1473716012805641,0.5362327636389542,0.9107185960882961,0.8530665022249009,1.2014328083051555
EWJ,Selling Daily Strangle,-0.004495313101863574,-0.0007175933069620832,0.0013154559181172143,0.018942162057111966,0.006155358789105003,-6.547993812411335e-05,-0.45705848746543465,0.3428907939930027,1.7365033888202737,0.1497217043432731,0.05015735566749552
EWJ,Selling Daily 25d Call,-0.0038431694487162105,-0.003589532502973336,-0.0009178492793868731,-0.005768392577480186,-0.05051885463412842,-0.02093616713015156,-1.452729019587863,-0.21349314273735404,-0.429908992743228,-0.9669353400300423,-0.2788854328612362
EWJ,Selling Daily 25d Put,-0.0006521436531473634,0.0027660710207022543,0.0020716998165055678,0.024240351652813796,0.05712860694361277,0.018634064766020142,1.1103187422574408,0.41480665953827706,1.5549135068912265,0.9420008564513404,0.22961435755471757
EWJ,"Sell 25d Put, Buy 25d Call",0.003191025795568736,0.006126649434170517,0.002648695160414105,0.02888448480955752,0.10662069325081491,0.03295518866113256,1.3400578892447854,0.3631681434297034,1.1333090420528167,1.0825368086044884,0.29771928281539833
EWJ,Stock,0.0002014098690834576,0.013883217639853118,0.010582010582010692,0.06635172858063143,0.22119759006516637,0.2744770948286934,1.9654802314573308,0.8275589719658034,1.3496705180374706,1.304595891700787,1.2403278033768104
EWY,Selling Daily ATM Straddle,-0.007607093998435399,0.006316547672431838,-0.025736690049334654,0.0857854099554507,-0.09566236536783967,-0.07929741006575419,1.0284544473803683,-1.4367689534345143,1.2219682099451326,-0.24374420902111496,-0.12237157865215076
EWY,Selling Daily ATM Call,0.009457671465216366,0.009832585979064223,-0.010155028263438837,0.0027906976116103266,-0.33039314357848504,-0.428217962721803,1.4667179019649594,-0.3842411480899788,0.18982200115412845,-1.6459514273633444,-1.8062631911835714
EWY,Selling Daily ATM Put,-0.017064765463651876,-0.00437195684501146,-0.018596568066105768,0.06627339715107516,0.2782182158087898,0.5136934416400265,-0.4205006960517504,-0.8656711966253381,0.9022319847995424,1.0376664088105874,1.3360825437792971
EWY,Selling Daily Strangle,0.009024818360100717,0.02219911621973969,0.01580067129644802,0.14214735721574545,0.04814807807559718,0.02042411114675069,11.523448613464353,2.893318902884313,4.780320033630528,0.5072568105328878,0.21479354928583627
EWY,Selling Daily 25d Call,0.009377619269731907,0.01565726068237705,0.005318014645859792,0.04026001809613433,-0.14115252294780722,-0.21236143480322867,3.9225966716832987,0.62936082875246,1.2750833768283911,-1.2629909533805233,-1.5167060250599778
EWY,Selling Daily 25d Put,-0.0003528009096309681,0.006152820328473307,0.009442685568907372,0.09410594084839374,0.204439898310808,0.27585557766846347,1.6972677385058748,0.968530194025447,2.446140788305718,1.4927778604003923,1.564363741744227
EWY,"Sell 25d Put, Buy 25d Call",-0.009730420179362764,-0.010028183758803655,0.002092933804956898,0.04345811994135351,0.3595868552501633,0.5596795377626356,-1.261375231680837,0.22432799296103792,0.7881399620805609,1.5407872314293334,1.7198838285007192
EWY,Stock,-0.02642849681395598,-0.01459082258405553,-0.013077778366071824,0.0347507494171202,0.7321810240683939,1.3808915570315463,-0.8797557082431849,-0.15693045526977842,0.535202258945487,1.5106079492220814,1.7985403883659028
EWZ,Selling Daily ATM Straddle,0.01103858153314019,-0.008762770451479551,-0.032168496333836116,-0.023956685080290474,0.009595303246699771,0.14933762540460127,-1.3972203484845118,-1.3243920750977751,-0.43050315933254835,0.1622087083300716,0.7654292038713068
EWZ,Selling Daily ATM Call,0.005333594467581193,-0.06864503984123227,-0.08153082744845153,-0.12046905240895156,-0.1370691850531771,-0.11526744400330657,-4.81999150095657,-3.4026996220522383,-2.51392473600801,-1.1038720080613271,-0.6416112118266296
EWZ,Selling Daily ATM Put,0.005704987065558775,0.05975682524532333,0.05026541510958826,0.10409166083016497,0.15720647781703012,0.28715371315127647,4.596520250036041,2.467654359742628,2.2742543310144367,1.2028632429242527,1.4643890017732262
EWZ,Selling Daily Strangle,0.009983020663587139,-0.0003771252727557961,-0.011735866344948498,-0.009130734283129383,0.03541231526333943,0.034439347608371085,-0.0019540328641863875,-1.0740294590341548,-0.2885461619592339,0.5770885284715017,0.3825942785000204
EWZ,Selling Daily 25d Call,0.006466701117281648,-0.033772676106550326,-0.03737257367592006,-0.06095571503538011,-0.05433349739548565,-0.041566864549163474,-3.876889724341378,-2.88878420120298,-2.050403073614738,-0.8055048500328957,-0.4231885350820333
EWZ,Selling Daily 25d Put,0.003516319546305491,0.03366062209402654,0.025640668756781837,0.053821995204526685,0.09170039152922316,0.07536870329359258,6.902204276545566,2.6680719681400786,2.6024272429880893,1.4026406454049416,0.7959891817167304
EWZ,"Sell 25d Put, Buy 25d Call",-0.002950381570976268,0.06700790615660712,0.06233423699343388,0.11669086861050237,0.14434811179743168,0.10887633213766046,5.229186119948281,3.110470130578481,2.6236608177539917,1.2738720314635967,0.7338613085013754
EWZ,Stock,0.00046533271288984324,0.12949829261886014,0.13576333861595358,0.24891083357536936,0.3354037267080723,0.45565335138794794,4.87799267869612,3.4934740481900923,2.8616196623523984,1.4643812393189426,1.4661519055134378
EEM,Selling Daily ATM Straddle,-0.005112318909670899,-0.0004935791937533685,-0.011529671642753758,0.046201836246791084,-0.036362565620831844,0.034878927455966435,-0.15477037612541986,-1.87694201484216,1.493809350924955,-0.2671800875924975,0.2856883364405609
EEM,Selling Daily ATM Call,0.0008372386544175381,0.004237402418526548,-0.0022819184533626746,0.0034410433702074528,-0.11248737549439647,-0.10778138706187235,1.3405282509141576,-0.22473983824123786,0.17425907410204136,-1.1023395915664562,-0.8022128609865583
EEM,Selling Daily ATM Put,-0.005949557564088437,-0.004946192613512368,-0.0100899028134942,0.03973343355583747,0.07452390153146582,0.14965093927770567,-1.1460403890208843,-0.92332484914602,1.1374605986646693,0.65129500767782,0.8992421809405247
EEM,Selling Daily Strangle,0.0018009385665769262,0.00758620969361945,0.003721478323037264,0.05526221819147015,0.003346607876329788,0.014450121728225351,5.850364185009534,1.3142378520687208,4.805459195338941,0.09841368847769759,0.2355031520849755
EEM,Selling Daily 25d Call,0.0016084254685262422,0.0060641775615470905,0.002601405980853011,0.014060964431197753,-0.04201987941628893,-0.03856975763985926,4.359449204702987,0.7226684844828694,0.9412787947156345,-0.8620933773376915,-0.6245524857951186
EEM,Selling Daily 25d Put,0.00019251309805068395,0.0014558934707988858,0.0009159596486325583,0.039957745183520466,0.04433391316069635,0.05169343755139555,0.686570166006234,0.2047647827663584,2.749838792266346,0.6624824079498736,0.6060347524503256
EEM,"Sell 25d Put, Buy 25d Call",-0.0014159123704755583,-0.004684637330461872,-0.002047110007747821,0.023876775795885097,0.08356075400828789,0.08638100648763491,-1.3235019771962475,-0.18402739746973465,0.9129375240250822,0.8236831391852241,0.6819770211232109
EEM,Stock,-0.006692856103593936,-0.008135987214877627,-0.006259097525473378,0.0391171993911712,0.21390469416785218,0.3036089364139767,-1.092876980598763,-0.24837486865041888,0.7591464080177981,1.0916604786639823,1.1746097546979486
EWW,Selling Daily ATM Straddle,-0.015198625429384882,0.010155464950859061,0.0078107968982941145,0.06595369835416953,0.04097329271494776,0.1120682672049802,1.8136605263558783,0.8001674334441142,1.634903892364572,0.4015108638035517,0.6113615638912555
EWW,Selling Daily ATM Call,-0.028273917151872108,0.0094260532855166,0.028224772457433822,0.054900849801396756,0.004059535502097811,-0.009637145663063174,1.3937108712615287,2.56964429761574,2.1017389567373823,0.11272030339947096,0.0008670573614281377
EWW,Selling Daily ATM Put,0.013075291722487226,0.00021740355061461436,-0.020575468010632036,0.010171408170007057,0.03269357350954727,0.12092470613624728,0.10060318761436571,-1.9664186981550296,0.3668595724667011,0.36634690110656426,0.7686747984427534
EWW,Selling Daily Strangle,-0.014253993164888623,-0.002060114038757277,-0.003960913911349118,0.03690462010211504,0.04943649025304442,0.05055475045296309,-0.4665409461731047,-0.4831895266956978,1.595611860317336,0.7419983663604953,0.5388585142679468
EWW,Selling Daily 25d Call,-0.02029375882228579,-0.0004267134833334518,0.008145155218940214,0.02746959259702786,0.01775027347250302,0.0037539831528881074,-0.034631063307447016,1.1269723428915024,1.492349684949584,0.37753598254499615,0.08735017646405561
EWW,Selling Daily 25d Put,0.006039765657397167,-0.0018073149863014892,-0.012174994816577911,0.009118005387479089,0.029867342067387836,0.044810735642509814,-0.5872114175150316,-2.320193948168834,0.6263939180916264,0.517032200681766,0.5387482477623613
EWW,"Sell 25d Put, Buy 25d Call",0.02633352447968318,-0.0020663607492563685,-0.020980304546237893,-0.019339451741871905,0.0067644808673807955,0.03311842942188714,-0.22703150042567416,-1.9551291854639639,-0.738348293180965,0.1398671842534218,0.3142255579185394
EWW,Stock,0.041851798767378545,-0.00886283065175908,-0.046313303594856414,-0.03555791428950428,0.037835522558538504,0.15252893610274332,-0.6790893891059505,-2.4268513014718054,-0.7181144605916536,0.34305011669615076,0.7430410907277871
IEF,Selling Daily ATM Straddle,-0.0009696318869955034,-0.0029804379898303868,-0.0014820842597425,0.0032739981094598303,0.02501603908099037,0.10124664393951965,-1.3973821655382026,-0.44103818099997283,0.37009711498414755,0.7581595357066494,1.2370504218519502
IEF,Selling Daily ATM Call,-0.0016186825931941984,0.010466637893741249,0.018138358075343586,0.03407602220651196,0.06006227008408849,0.09933914476098371,8.405222461343916,7.082055617683101,5.0327937545296795,2.5027668415881643,2.1504560101725616
IEF,Selling Daily ATM Put,0.000649050706198695,-0.01333398459279811,-0.019328725190123075,-0.02988205684942702,-0.033180678808134356,0.002756038494699631,-6.707598916888574,-5.912848414854684,-3.3429283190069503,-1.2183211923718849,0.0802272228259569
IEF,Selling Daily Strangle,0.0014306115888893522,-0.0036743401339094373,-0.004683645206882581,-0.002030732671839397,0.006490800216710557,0.004925169961568221,-3.199195960897686,-2.3283901674743173,-0.47953266316672954,0.4808306450002588,0.20801377010933608
IEF,Selling Daily 25d Call,-0.00022886540180910853,0.003554180637529658,0.007556565326188203,0.015055595341583183,0.031813308830832776,0.04799833920931973,6.034740700439585,6.4682704267707365,5.382763758512212,3.488731023662124,2.9674211964036132
IEF,Selling Daily 25d Put,0.0016594769906985718,-0.0072112525645069425,-0.012161487638082114,-0.016865237514080422,-0.024614845519295603,-0.04120512295897749,-5.936779786032774,-6.027931652562954,-3.5000437273903433,-1.7075433348276678,-1.7296792666309828
IEF,"Sell 25d Put, Buy 25d Call",0.0018883423925077913,-0.010744645783425821,-0.01960188992229428,-0.03151377254734322,-0.05486895373024803,-0.08545560180418843,-7.045900797519193,-7.519108243866751,-4.755114609317065,-2.8271115042692943,-2.7574318836422624
IEF,Stock,0.0023616734143048213,-0.02216127262753731,-0.03382113821138222,-0.053017424564386295,-0.06346537774508842,-0.053721201826096965,-8.677813828166627,-6.92776691048657,-4.208010917946697,-1.6925286307674245,-1.1022304835489702
TLT,Selling Daily ATM Straddle,0.0004289744826200259,-0.008767403802437013,-0.005558059015628225,-0.0020530798815638907,0.03924472533923273,0.1494720367970528,-3.836657514498998,-1.4174916802898796,-0.15065829320667595,1.0051825692341916,1.5661389403689623
TLT,Selling Daily ATM Call,-0.0008408640603312367,0.02488833395148693,0.029892443783468003,0.05513971514073468,0.0884544057789205,0.15531756731384383,15.41172614516137,8.629916672976158,4.832340487238772,2.4598460231522123,2.4916331066554553
TLT,Selling Daily ATM Put,0.0012698385429512626,-0.03296009288552271,-0.03462324701717334,-0.054636274475989066,-0.046365047118627545,-0.00513528825737064,-13.16283485599687,-6.45898778459512,-3.846403425120291,-1.0122642458266424,-0.03648365353279573
TLT,Selling Daily Strangle,0.0051025753233302495,-0.0035826555849187702,-0.0020560699428018303,0.0010858954415779998,0.012563458459343924,0.03260663739938052,-1.6730865769585084,-0.5929901029323659,0.15311884973809323,0.5453596486878126,1.025722269077369
TLT,Selling Daily 25d Call,0.000778062535450097,0.011801537039534571,0.015713375819720765,0.028070760217530077,0.04836542241406416,0.07881795718892937,27.023422755719967,12.291679863568445,5.710126782033483,2.899273195592283,3.311676123563239
TLT,Selling Daily 25d Put,0.004324512787880153,-0.015229308429195343,-0.017530604618757994,-0.02637383858060549,-0.03451266122656815,-0.043279374838707585,-6.91185929376191,-4.795042103768325,-2.709292366325949,-1.2047531181614592,-1.172017032500394
TLT,"Sell 25d Put, Buy 25d Call",0.0035464502524300556,-0.02675749553616802,-0.03279572777148643,-0.05318490065002224,-0.07974864868397635,-0.1140775706396503,-11.337794455729743,-7.639230475420464,-4.091932479793257,-2.034411432583146,-2.2583993208388975
TLT,Stock,0.0022046427181947603,-0.05525672371638146,-0.05996837367716823,-0.09624605309320489,-0.10212617636807397,-0.10895883777239734,-15.804568448984982,-7.453234958166886,-4.34217364835152,-1.475611628788015,-1.1950402739737906
LQD,Selling Daily ATM Straddle,0.0009187660454728075,-0.004858687237390802,-0.005891210229155397,-0.005390710007034838,0.017180132684058824,0.10310977319312942,-4.711230700641749,-1.781417000035573,-0.6105369866316976,0.47076848987668013,1.1606666123512794
LQD,Selling Daily ATM Call,-0.0010157916708631864,0.012544061167715448,0.014744619047577512,0.03324019128577671,0.055297197129127396,0.10143796331568078,10.092828063916267,5.897168461209588,4.738305694390475,2.2107736099871373,1.9792615425016675
LQD,Selling Daily ATM Put,0.001934557716336105,-0.01724516991994951,-0.020408864150658346,-0.03755603592926482,-0.036268508977969405,0.0026708863277589145,-10.331745901644119,-5.399946447027003,-3.7998064853272906,-1.103994194920386,0.07619199806189626
LQD,Selling Daily Strangle,0.0024246815889663598,-0.0026722974947095413,-0.0023734379387512217,-0.0016559793838664127,0.007869977558902619,0.012350359865851201,-1.7462458447284177,-1.03458175250369,-0.30117263928853716,0.49997823069641,0.43301338900517394
LQD,Selling Daily 25d Call,0.00017323976131411456,0.0046714439491315485,0.006498517707119955,0.015139400261390712,0.02899181305433074,0.04755525969450525,13.74383929444958,9.779256193849244,5.893577794120383,2.9269322489886638,2.266136201168606
LQD,Selling Daily 25d Put,0.002251441827652245,-0.007313366704552404,-0.008824397603637735,-0.01657821098815726,-0.020646099262308315,-0.033798428446930595,-4.909300751574835,-3.647549801192442,-2.771812242609998,-1.128472045985708,-1.1865319870033222
LQD,"Sell 25d Put, Buy 25d Call",0.0020782020663381306,-0.011937575494302743,-0.01524090308781123,-0.03130712881647535,-0.048484572635473344,-0.07824283002080257,-7.786216593909715,-5.608029267317915,-4.199380753972582,-2.0066103953907923,-1.9994878876485163
LQD,Stock,0.0030442895021114413,-0.02807117708630713,-0.031664770572620515,-0.05983063328424154,-0.06233360873955729,-0.05592014049357552,-10.257853956157408,-5.760719790855264,-4.106332789611531,-1.453797565340367,-1.0056921238426528
HYG,Selling Daily ATM Straddle,0.00038424416001769934,-0.005160411021113975,-0.0034003414838296164,-0.005130769469515628,0.03683918005473252,0.11438582803928243,-3.91665255432323,-0.9014047693031626,-0.3581597594335527,0.7344072547467156,0.9126875897349984
HYG,Selling Daily ATM Call,-0.001644513993997676,0.007198869673077812,0.01202755592258753,0.017945567474718205,0.04714314867790459,0.08566884202554292,9.187384698835118,4.948460631974896,2.4574624904910802,1.7059662945391674,1.3027056163227173
HYG,Selling Daily ATM Put,0.0020287581540154864,-0.012291370642908528,-0.015249338461593043,-0.02258092784029886,-0.009269375180535389,0.030230939034090687,-8.395185316371805,-5.782410888311321,-2.573175729365042,-0.25875563393200995,0.4647460638563022
HYG,Selling Daily Strangle,-0.0012934668335193855,-0.006123112554632382,-0.0043538640670387485,-0.006946640706266161,-0.0005836626621577023,-0.0018782486642031637,-4.6867175893664585,-2.0308868867480223,-1.482646771727927,-0.012023652445298176,-0.030689176142278188
HYG,Selling Daily 25d Call,-0.002041872291888236,0.0013986866013604438,0.003953460836377376,0.004243100169315284,0.01096424403833507,0.017067282016599572,2.4837584628442415,4.180222157582452,1.8535856990864321,0.8180203291628646,0.5734097685607663
HYG,Selling Daily 25d Put,0.0007484054583688504,-0.00751847302072961,-0.008286175997940015,-0.011162453935779193,-0.01149340884504002,-0.01873500898763336,-5.414391072507727,-3.5883472333182507,-2.1923094429111067,-0.5717090869179148,-0.6858820461070786
HYG,"Sell 25d Put, Buy 25d Call",0.0027902777502570864,-0.008919223348270777,-0.012214295250188356,-0.015382001920211552,-0.022529352107141243,-0.03619468853551766,-5.341060124954751,-4.355224059813521,-2.419444235277678,-0.8594191214436684,-0.8316589160165163
HYG,Stock,0.0037672122629253124,-0.017920691408236045,-0.023875694795351454,-0.03061096474720948,-0.028050314465408066,-0.015041427660930307,-9.2326249295599,-6.885633259344309,-3.4006760946449863,-0.8772320043282359,-0.34854055153220326
USO,Selling Daily ATM Straddle,-0.0016442172424591117,-0.005983486741324762,0.003380402145455319,-0.05897111970425195,-0.03688478183406929,-0.0002797324761603104,-0.6289349413125582,0.2968827812632685,-0.6657623004627714,-0.0002569473182204246,0.14188603478154
USO,Selling Daily ATM Call,-0.003969804860043946,0.006948857192545788,-0.012908586553401435,-0.197195057432917,-0.3770601307002045,-0.3322514076328791,0.918695497359964,-0.44624901712452664,-2.3040486257515487,-1.4564113278334772,-1.0030867107486334
USO,Selling Daily ATM Put,0.0023255876175849455,-0.013928645359426062,0.013421475441297348,0.15838946181556235,0.48462143188350004,0.43311067580242035,-1.3369885567946482,0.8548700345422499,2.751762747456657,2.449506811071729,1.7768906435045722
USO,Selling Daily Strangle,0.0034960451838899065,0.022718711082930776,0.002627769993596152,-0.03332650183080599,-0.01203539949515231,0.01999413278662776,5.618552819632104,0.29062126714734593,-0.7354364458914356,0.002360231834656229,0.2042429315550365
USO,Selling Daily 25d Call,3.755489734191819e-05,0.009970955255306668,-0.0070455562975872965,-0.11766392161450223,-0.23528751481385113,-0.2001354549993961,2.5116036848408907,-0.4266793511911988,-2.2610790874265763,-1.556987170813608,-1.0642549955633192
USO,Selling Daily 25d Put,0.0034584902865479883,0.01231310479647263,0.00887234392565972,0.09128677348769565,0.27606329885691605,0.25830690401539735,2.3746259812522283,0.9633866030359494,3.32184784118807,2.592274761408523,1.953466503768786
USO,"Sell 25d Put, Buy 25d Call",0.00342093538920607,0.0016346959353379376,0.01284076529055267,0.21772368335210168,0.5906187263414426,0.4962557088271773,0.2889138927171567,0.7392622710737599,2.8606108332822187,2.1874592826200767,1.5856158384462007
USO,Stock,0.006389332592541042,-0.021935745140388763,0.020780501549731767,0.3936333910367378,1.101363109048727,0.8969760439848162,-1.1889106514364098,0.7830306363357493,2.8696342437336226,2.101096304554646,1.5322785038683222
XOM,Selling Daily ATM Straddle,-0.004308096387374061,0.01613475302221845,0.010061609540019889,0.0036901470971104633,-0.011325552270678996,0.06032753700435678,4.067781286292102,1.300427724886127,0.18550161528165382,-0.07536868161477667,0.5531656331523936
XOM,Selling Daily ATM Call,-0.0035704927703772427,-0.01054074592344656,-0.009997193555699946,-0.08736837813721943,-0.1522398099940495,-0.15322488781849675,-3.676210600459691,-1.2401882629098493,-2.1692424413619955,-1.24099309118146,-0.9819747780839909
XOM,Selling Daily ATM Put,-0.0007376036169969291,0.02685920131467734,0.019413501199725847,0.09584132752885344,0.15185601681261351,0.23523393717020036,7.169486735551639,1.7006073613324655,3.1251300922968563,1.5211922705389762,1.716894698901712
XOM,Selling Daily Strangle,-0.0008549372706537772,0.00851291239939389,0.008091569076052574,0.012149400304284796,0.00013496328857298678,0.02146006489994723,8.762326108824551,3.6807222861961857,0.6761510676529242,0.035535014205184394,0.36764040886940863
XOM,Selling Daily 25d Call,-0.0012432926853490622,-0.005002046264034443,-0.0034511847802373152,-0.04702513254494067,-0.09123356843637864,-0.08949129725761207,-3.1067079390645507,-0.7202589284753871,-2.055882457183583,-1.424386188915255,-1.118013663912802
XOM,Selling Daily 25d Put,0.000388355414695285,0.01353667284605753,0.011350317042800873,0.061145200091418106,0.09690868786479889,0.11767537618264257,10.04847954235561,2.4634015956009714,3.8347937793513243,1.8096188854065927,1.6395788627031032
XOM,"Sell 25d Put, Buy 25d Call",0.0016316481000442362,0.018523700954868216,0.014359119550820365,0.11008541080468404,0.19601287852711957,0.2149580710745218,6.607272526176405,1.6399746770843595,3.118539274750685,1.73188044232357,1.4923052241223986
XOM,Stock,0.0029268292682926855,0.0390397978521797,0.03141656737944509,0.19979575461375698,0.3499671700590945,0.4580267706763592,7.27853696674575,1.7978223556219655,2.9473101803973845,1.5957313918249096,1.5791109002877746
GLD,Selling Daily ATM Straddle,-0.00043641025545870793,0.0035266511464504546,0.017923499042618696,0.007777471098572297,-0.057395295165198146,-0.08583979338107095,1.3503267756803978,3.807393423300824,0.37514361042505034,-0.6098017667096028,-0.7425775153181153
GLD,Selling Daily ATM Call,-0.0037544256907449114,0.02271508988667481,0.04121197260601428,-0.0018493701844999322,-0.01985253735394188,-0.10438530633045362,5.90298181376783,5.329248346727106,0.010867005473368507,-0.09022456054176281,-0.6426341044106813
GLD,Selling Daily ATM Put,0.0033180154352863145,-0.019247598744692396,-0.023138672969817642,0.006688418415418118,-0.05278430577262794,0.0018301778038807281,-3.373963858628082,-2.4495095783450602,0.2830945335472749,-0.3423353988728231,0.09309556386105534
GLD,Selling Daily Strangle,0.0014502225500454546,-0.0009903774699671075,0.011914637326720046,0.005374730784806658,-0.051576090165206256,-0.06736850270839623,-0.4377608156854374,3.32443828930835,0.43030110079699063,-0.8593025108969694,-0.9040924291689938
GLD,Selling Daily 25d Call,-0.0009318652055330112,0.01196149066162655,0.02434873044792729,-0.0015857394933316282,-0.01844764051837433,-0.06458367433917911,7.194862303059495,6.36486350764196,-0.054513083004295,-0.253406543947958,-0.7719234587650096
GLD,Selling Daily 25d Put,0.002382087755578466,-0.012925812152605798,-0.01234159497726961,0.006143769982611014,-0.037259746515932335,-0.0073706906286825635,-3.7504479168940965,-2.225942056133732,0.40815407338353377,-0.5010722340191183,-0.04158512710742332
GLD,"Sell 25d Put, Buy 25d Call",0.003313952961111477,-0.024794547920782728,-0.03621188146518628,0.005647459134600075,-0.02801152675732199,0.049370782913787936,-5.015363801780682,-4.164793155954573,0.24510728743306354,-0.15869518464671187,0.39353653816932704
GLD,Stock,0.007166381240943043,-0.040438777047040464,-0.060230597143348885,0.010948615555496088,-0.040197850758259546,0.1134510078061286,-4.349659451978858,-3.698925722449061,0.3074093739143059,-0.02293714254193477,0.5139467261473379
SLV,Selling Daily ATM Straddle,-0.003841082248364436,0.04088599767928791,0.0320862543972813,0.06108778159815231,-0.038710833364806296,-0.18351795452242425,5.268390035235034,2.1043741238584976,1.7036841354555923,-0.08203352282836841,-0.682136813486117
SLV,Selling Daily ATM Call,-0.004775802156876674,0.05717245852768138,0.05356312708007516,0.01869396011790392,-0.044299241462846695,-0.32897855923318386,7.589918582978436,3.466742777036251,0.47386987122657337,0.011780189301852428,-0.9482501923984771
SLV,Selling Daily ATM Put,0.0009347199085121272,-0.016131063439149163,-0.021989119458097117,0.0344558662612251,-0.06443407302943072,0.11820000390242846,-1.9924023661685766,-1.2517913892469668,0.8254099655507263,-0.0716891607671883,0.5184101666079147
SLV,Selling Daily Strangle,-0.00017565489018733782,0.009054256616039202,0.02088705837267968,0.04912794032412959,-0.05206199941664902,-0.14269855517308094,2.709317249923741,3.1043834159655743,2.570590472178907,-0.3329799516235216,-0.8637973686270882
SLV,Selling Daily 25d Call,-0.002188951137711004,0.030020668902729142,0.032315209758078334,0.017977491271230495,-0.03010632704402061,-0.2054958496739412,9.215299311108835,4.294759160698695,0.7245544098549496,-0.12377614192175064,-1.1514753744455521
SLV,Selling Daily 25d Put,0.002013296247523666,-0.02070143958572579,-0.01175972453914298,0.028364751178400205,-0.040438393755721225,0.056137338258499314,-3.9949609835267688,-1.1085199581074723,1.1108047908770156,-0.16587069971868804,0.39103594944757447
SLV,"Sell 25d Put, Buy 25d Call",0.004202247385234781,-0.04989429226087572,-0.04406394288838522,0.005056639387946316,-0.054450994570805045,0.2568358642835793,-6.363045273725865,-2.6343246272372105,0.204504235115032,-0.030128299702796055,0.8591722290838251
SLV,Stock,0.005804462180301062,-0.07009894348482315,-0.0730524908057506,0.007815339876409366,-0.15665399239543687,0.3925163234555511,-5.3796322737281015,-2.557892951607966,0.2724968584294349,0.011858175966064411,0.861697044545586
FCX,Selling Daily ATM Straddle,0.0014165190463597543,0.05140137730152783,0.0024516440169959353,0.03371475192198936,-0.02974098560347449,0.02466351558475921,3.188993853271579,0.255950823295447,0.6508173843927353,-0.07994477402305389,0.22036657622131275
FCX,Selling Daily ATM Call,0.0010307116742998002,0.023347820501815608,0.0007346745424228196,-0.08105365180694601,-0.2147864571313336,-0.34036901070053605,2.566638527986433,0.16783618035399908,-1.035763310232585,-0.9964416392305409,-1.4184051876860666
FCX,Selling Daily ATM Put,0.0003858073720599542,0.028462184658351486,0.001499283705696186,0.11534263629451358,0.1871291994769415,0.4817161702953332,2.903342172928024,0.19228372070313557,2.119802096263812,1.0132572023077127,1.6770185414969823
FCX,Selling Daily Strangle,0.0018535779194654989,0.013760159170929542,0.011862651929935852,0.05539564507256434,0.00981699777074252,0.0433054299636193,9.640898631967476,2.2397417017578514,2.922226346877193,0.1810125017161766,0.45476542074813375
FCX,Selling Daily 25d Call,0.0024251106543042855,0.013078070673715914,0.004627526735007326,-0.031550689471575355,-0.09303397994646168,-0.1562168249144602,3.4781146572129016,0.5163183702547264,-0.8829094817894199,-0.9107316874071496,-1.2667986134538634
FCX,Selling Daily 25d Put,-0.0005715327348386756,0.00042971874602737437,0.00615193817185844,0.08625465343177408,0.10064294870865331,0.2200242451615464,0.17575013795622457,0.6751234874696778,3.0612752296314967,0.936703883841644,1.4407356600222492
FCX,"Sell 25d Put, Buy 25d Call",-0.00299664338914285,-0.01306248519782216,-0.0007622191783009935,0.11284158404313227,0.183413243215218,0.4035775881618191,-1.8805711036512112,0.07733949878951914,1.9470720723628765,0.9885326775632283,1.4701545532980336
FCX,Stock,-0.000550964187327696,0.005543237250554167,-0.0023374123470368824,0.190093488600952,0.40375314374153803,1.0701854493580623,0.666037612027991,0.10254329778423045,1.812802243967627,1.1640913084234565,1.7651359304472523
URA,Selling Daily ATM Straddle,0.007196623389713164,0.043877223213682814,0.03270657848822878,0.034029650909430886,0.022071760125059958,0.37012337577488275,4.883565360597569,1.7471673323170698,0.6440498573380063,0.2463611927943012,1.1992882513614191
URA,Selling Daily ATM Call,-0.016384576421362373,0.035845103957405255,0.06418855296975545,0.023120886300519006,0.009491406182782436,0.15284751339602232,5.3503863036578165,3.3621542825607573,0.5069676522414135,0.18323434505157102,0.6388928960553887
URA,Selling Daily ATM Put,0.02358119981107576,0.007392588814785439,-0.0312492030192959,0.00238265573282459,-0.02490656449312989,0.1363392455547423,0.9769915201641998,-1.7555413811267264,0.1789486388978017,0.044643294979776676,0.5671218736399181
URA,Selling Daily Strangle,-0.004070083008495207,0.006633979281220448,0.01291056537355817,0.03131111374044049,0.07016548713272042,0.10145039706591663,2.095333129272824,2.3323029371192807,1.6565999481044655,0.996942016061573,0.9166457631773371
URA,Selling Daily 25d Call,-0.014323528548806252,0.014832557731639717,0.030827178730232774,0.015301447816505664,0.03201633407065785,0.09599827962979446,3.425880417652065,3.39368199442772,0.5713250246004058,0.3969856097295803,0.7236503890740166
URA,Selling Daily 25d Put,0.010253445540310935,-0.008477057002658661,-0.018295959362282344,0.012783345934735735,0.026666378480756814,-0.009027859290808182,-1.6288600734535998,-1.793911579960177,0.48583844850141905,0.32770869694354604,0.009601359975634074
URA,"Sell 25d Put, Buy 25d Call",0.0245769740891173,-0.023804451231792645,-0.04952991503891302,-0.009043447038385666,-0.027238766881680476,-0.12579943246068948,-2.611878908119987,-2.6721750639707795,-0.04350677102934493,-0.022748580138632877,-0.38295912778073965
URA,Stock,0.04005971634735017,-0.02745463006049309,-0.09248805905340873,-0.03307888040712481,-0.09248805905340929,-0.09874946097455983,-2.1495318621572954,-2.9913872762941667,-0.0737629418873234,0.004731079171302759,0.05873874282201782
UNG,Selling Daily ATM Straddle,-0.021941674259814747,0.009827007417621436,-0.03893150490448738,0.019568853303610023,-0.03468605397848823,-0.019073643111277683,0.8096170561526465,-1.1842671021688278,0.44694368511844856,0.0026994994812737276,0.07874359029052508
UNG,Selling Daily ATM Call,-0.019928606408944227,-0.021305509496782782,-0.030676966298781583,0.043933429630822696,-0.04420180029454068,-0.05047522054708764,-1.3153214039117709,-1.2715512897611454,0.9708601980155184,0.016446732549922453,0.034119234860216244
UNG,Selling Daily ATM Put,-0.00201306785087052,0.029835811418531533,-0.010010939808048458,-0.027282914005744452,-0.039921356901846616,-0.03536278355278932,2.28068456477935,-0.2560507357966462,-0.3790623513776112,-0.01653051670851158,0.03555478608307253
UNG,Selling Daily Strangle,-0.014428738346133452,-0.04268282264035417,-0.037567740046047904,-0.013894397285952431,-0.08623208343724487,-0.09902248674582104,-6.769757412966941,-3.2777874983795368,-0.488453068492392,-0.6221637938277546,-0.530364544474223
UNG,Selling Daily 25d Call,-0.019172259465090602,-0.03541634243646774,-0.035428062211812716,-0.0007316647649746599,-0.084131354909188,-0.10069195789241603,-3.764162241052845,-2.499379947848912,0.034885377815305756,-0.45478205112707526,-0.40691834252448317
UNG,Selling Daily 25d Put,0.004743521118957039,-0.008236739032550844,-0.0030921939537666976,-0.015170501715822349,-0.01762468529249528,-0.01821261597056345,-1.885298193918958,-0.28832896044628786,-0.48032106997490165,-0.06923565401492943,-0.034483143461264194
UNG,"Sell 25d Put, Buy 25d Call",0.023915780584047752,0.025327184384348556,0.0301755277605944,-0.01982370953797652,0.02165431349488145,0.02518272444517411,2.072352370939907,1.5700861987116956,-0.28609039689579024,0.25638486677567746,0.2400178497924047
UNG,Stock,0.018009478672985635,0.04678362573099415,0.017045454545454364,-0.07253886010362753,-0.10945273631840802,-0.1310679611650486,2.1939408263417386,0.6758448244894687,-0.6865649725528374,0.04410557562569186,0.061833159165943966
ADM,Selling Daily ATM Straddle,-0.010586572101970337,0.0033337365670695895,0.022282143684930533,0.014049940368099811,0.06658936507111468,0.15758126104201797,0.8533463719701321,3.25212285019057,0.6293091598584032,0.8945217555662359,0.9966517457466639
ADM,Selling Daily ATM Call,-0.021955975007896034,0.019767681935594972,0.029875656898890046,-0.029228356825887425,-0.12468714151303562,-0.07777790967114429,3.6267181185739066,2.429219421634011,-0.6489045001333822,-1.0897067736256638,-0.4094882444803724
ADM,Selling Daily ATM Put,0.011369402905925696,-0.01654836213269628,-0.008631351055801373,0.03971662044547508,0.20331268519739765,0.23798682159001738,-3.467980648153175,-0.8069898127427615,1.2030097589846283,1.8915195082318335,1.4127018948391534
ADM,Selling Daily Strangle,-0.0014967556208470567,0.005734994854205588,0.013111581002980266,0.02290651605943328,0.07341288732192686,0.0774570000306718,3.699173653276257,3.690044310191482,1.7041601729792129,1.8596620107408657,1.13597352890847
ADM,Selling Daily 25d Call,-0.010868897323264348,0.011677919216011912,0.01772790491594467,-0.007882592832965996,-0.051442834454158315,-0.04215334239348223,4.113915799825387,3.0827090909580206,-0.3733573918565165,-0.9032991755427954,-0.4689389570387272
ADM,Selling Daily 25d Put,0.009372141702417291,-0.006043492171409981,-0.004899199287671241,0.02983521512847842,0.12794313396193924,0.11966772192265407,-2.022793595711079,-0.7434284801522848,1.557476305709528,2.282228438390994,1.4237016855010094
ADM,"Sell 25d Put, Buy 25d Call",0.02024103902568153,-0.017876384139751567,-0.022992606310121233,0.03524932008251391,0.17997349348877933,0.1553291263900598,-3.165596109569616,-1.9472055903005323,1.0344872372061509,1.6861915885294472,1.0284688883803923
ADM,Stock,0.03382796780684094,-0.03486733975111567,-0.0371281330522375,0.06946793287368247,0.3692538307794806,0.3395795991526802,-3.6461032034001284,-1.6195869346177207,1.0894260368852298,1.7013574344892033,1.1744568443920764
MOS,Selling Daily ATM Straddle,0.010248239612980381,0.02990423495949135,0.029518992203876326,0.0567186169815046,0.04321366645589175,0.12929654646883915,1.7651295840301937,1.1737692517551026,0.9271489741333778,0.36210162437476073,0.6221692318149119
MOS,Selling Daily ATM Call,0.013390911376393477,0.08806968877270904,0.12696033631894243,0.02600890073120099,0.06867418029785854,0.2629449495497287,8.41933155589768,7.291052080483807,0.5618849494650641,0.4776069440279523,1.030937842575382
MOS,Selling Daily ATM Put,-0.0031426717634130963,-0.05270100888198104,-0.08642239200556312,0.025498784275609143,-0.052231068913695,-0.13896991506181167,-4.334543225787149,-4.050308378265305,0.539958240752976,-0.15428050060689066,-0.45251157287237553
MOS,Selling Daily Strangle,-0.0036781474911163903,0.0038166293616017644,0.021171927865790696,0.03849199543300008,0.033114738487498574,0.032861182462045946,1.1150114777554838,2.9802759739428883,1.5410670599686245,0.48616696577228463,0.3690854158988787
MOS,Selling Daily 25d Call,0.004144081819463574,0.03868813901048429,0.057149817917151235,0.015166042177420014,0.03514815773760516,0.12334214872929938,15.388283366435632,7.895517719486368,0.5924709024849889,0.41905575013573143,0.9694073890913413
MOS,Selling Daily 25d Put,-0.007822229310579853,-0.033910708721110905,-0.034693140295524616,0.02091833676026722,-0.010317508448035029,-0.09038235118586735,-6.735785934045536,-3.4898689925845794,0.7779477095758477,-0.05477161575055799,-0.7092609680426806
MOS,"Sell 25d Put, Buy 25d Call",-0.011966311130043317,-0.07048934167445486,-0.08819593427043138,0.00034790041099785896,-0.06468234737020129,-0.2120778574264679,-10.107028249113219,-5.766006627006382,0.1120071581769205,-0.26869060539032985,-0.9207223985718426
MOS,Stock,-0.0164396430248942,-0.13003739094308275,-0.18994197292069614,-0.008991954566965443,-0.16072144288577117,-0.3625570776255702,-11.674085353208467,-8.116085374924369,0.10228276468505133,-0.28004403716041043,-0.7583170861070181
GDX,Selling Daily ATM Straddle,0.00018470600608422316,0.06331192742273672,0.03615934277486943,-0.014962949912389334,-0.12100098348170796,-0.1107294560849692,6.535209708621361,1.7549733854524425,-0.15821140378228565,-0.7170044086059724,-0.44662861650572677
GDX,Selling Daily ATM Call,-0.004436288927605281,0.06648504294775681,0.07939536240612877,-0.0777769650989778,-0.12783229897862736,-0.2075528362152319,9.998516629182907,5.37793096257517,-1.0588989722059843,-0.5538042711475988,-0.7534558126680057
GDX,Selling Daily ATM Put,0.004620994933689504,-0.003373016956517483,-0.040558385901101834,0.057241048720738874,-0.036170603157493986,0.061890794160359475,-0.27170124157602554,-2.156150665766011,1.079787798197117,-0.011031801916378477,0.35350402185984664
GDX,Selling Daily Strangle,-0.0018439832801568912,0.008708724748153873,0.021830254986496378,0.006931820697853475,-0.022186461846226746,-0.04148046071523248,3.0145175370615482,4.69896130855765,0.3733217475375031,-0.25925897304625595,-0.38782061533996437
GDX,Selling Daily 25d Call,-0.0024766910445571666,0.03365283038083522,0.04231278114899539,-0.0339867016539076,-0.02678425992583633,-0.06703144658428262,11.129193192029977,5.0414368687639595,-0.941680241237296,-0.2258677346489124,-0.49829637718967534
GDX,Selling Daily 25d Put,0.0006327077644003865,-0.024403647681736973,-0.02036165681626123,0.0392138843671177,-0.005259946036165752,0.01418265504949101,-5.973109770194866,-2.4770817901309785,1.4932550282207795,0.022028277331137238,0.1710081050835356
GDX,"Sell 25d Put, Buy 25d Call",0.003109398808957442,-0.05672940203185306,-0.06167572439168201,0.06742516637924467,-7.078017318318253e-05,0.056813896418455245,-8.805534945024869,-3.930952715334015,1.250687524957992,0.12683553782135054,0.3477684532686569
GDX,Stock,0.009151223976206824,-0.06576299904691296,-0.1112230505742492,0.12482468443197625,0.029044675142890775,0.2286908077994434,-5.315294713092432,-4.644468949215062,1.2726329299387393,0.34425387920537937,0.6603594813803676
SIL,Selling Daily ATM Straddle,-0.0018110161058862984,0.023319062842723337,0.03856655279524546,0.026755327671060813,-0.006447182727916445,-0.04233014732004392,2.195633861518189,1.8430373326990415,0.5697604163781131,0.10890966108837417,-0.03240451632757472
SIL,Selling Daily ATM Call,-0.006493288196939062,0.06030831047309393,0.08619028628162528,-0.0560715089235998,-0.054172869656894385,-0.2249418976496611,7.380139383119351,4.826085996518199,-0.7439152487405375,-0.09571408338783645,-0.6792152079144786
SIL,Selling Daily ATM Put,0.004682272091052875,-0.03506449226785868,-0.04491582441012909,0.07591657081795677,0.0015029003955617792,0.1599213452984427,-4.635804880244518,-2.3808733065566265,1.2357624544705939,0.17863964681768893,0.6287915985775896
SIL,Selling Daily Strangle,0.0035640232376719094,0.015497568388364025,0.03499364822375073,0.05706278025771416,0.06199591127890014,0.015993524773879608,7.81622167603549,8.117240517995384,2.658697870295904,0.8280327481376839,0.2029955294351917
SIL,Selling Daily 25d Call,-0.0014760138087722696,0.029615519268906487,0.049014500104409775,-0.01240431075059778,0.020931396688527393,-0.07631209471028355,10.098902113410603,6.429709351662046,-0.30131143732588267,0.27726971190268057,-0.4872327702704596
SIL,Selling Daily 25d Put,0.00504003704644429,-0.014002035972843552,-0.013992510472044972,0.06740828797831377,0.028442537065710205,0.08259092819518754,-3.290914693160661,-1.7361926252550282,2.639796238231586,0.33613232778056507,0.6041280137360185
SIL,"Sell 25d Put, Buy 25d Call",0.006516050855216449,-0.042913448449218516,-0.06140742668035948,0.07288339585213754,-0.018397798568626555,0.13053421292982503,-6.199470202960752,-4.184221378584395,1.3819398417437088,0.04347559858866965,0.5869176268588202
SIL,Stock,0.01167815018101126,-0.09002100840336125,-0.122200830884588,0.11910605864875334,-0.03228328865057972,0.329700690713739,-8.47614332169826,-4.416311087883594,1.1946340233939818,0.21900155927438575,0.7902638274806696
XLE,Selling Daily ATM Straddle,0.0017105248821180918,0.0026244317370263115,0.006408720741241325,0.004508930943981637,0.03832718325794482,1.0338534649359725,0.8101824848525621,0.9503374165504472,0.24199796838972457,0.5528473141044876,3.0129065178918437
XLE,Selling Daily ATM Call,-0.001461833695338255,-0.008337614472727073,0.006390115446013533,-0.08404347672711754,-0.14147159890118577,0.1601347273049023,-2.772455653212464,0.9225824063703212,-2.7283476766750367,-1.4989910597458693,0.9391585003602295
XLE,Selling Daily ATM Put,0.0031723585774563468,0.010950631127169208,-0.0005294763876447783,0.09393264321490769,0.19959809738989165,0.7547209978847378,3.3300490144917143,0.00017599892465646545,3.467545383198192,2.13020995424289,3.63142734533186
XLE,Selling Daily Strangle,0.005123823693946372,0.010976532924719118,0.013814512245507338,0.020615039448588446,0.040931645754842094,0.44725434431948297,7.040787879103545,5.677448639845949,1.5069714594283834,1.1102304863566246,1.9451946377876632
XLE,Selling Daily 25d Call,0.00037081678228778614,-0.0014680099178914219,0.006461233601212868,-0.040154210675434565,-0.07687836759052924,0.13925492431601327,-0.9422441593605866,1.7937594790982074,-2.0651772419338483,-1.435112479615727,1.4571339307249493
XLE,Selling Daily 25d Put,0.004753006911658586,0.012438799501310882,0.007184974802022515,0.06261065121154741,0.1249691305043592,0.2687816088798365,8.742356869734364,1.997711538124803,5.81691875491984,2.8411449266921864,1.3848147207136061
XLE,"Sell 25d Put, Buy 25d Call",0.004382190129370578,0.01384909281713309,0.0004378229082293572,0.10458639685736282,0.2108389372309869,0.10285726131911477,5.517683882790257,0.10504556551601138,3.6075731561798565,2.196431912510596,0.5705314652853555
XLE,Stock,0.004728132387706863,0.020653218059558,-0.0048392132375897345,0.19785794813979707,0.40573318632855737,0.5342960288808687,3.904811696900843,-0.22601631019863058,3.5084805466471565,2.1248552264693297,2.0180755158264416
XOP,Selling Daily ATM Straddle,0.004687864995438273,-0.0016308608383222012,0.012303896803528502,0.0023925168521563567,0.01856122745185962,0.09475353971646694,-0.12999304922731883,0.9393809890227516,0.14540992124158622,0.2257311596721855,0.5189222432611822
XOP,Selling Daily ATM Call,-0.00032996812344188164,-0.0102608668838865,0.012511798665384433,-0.09450043325532453,-0.17315948921286672,-0.12298582775160638,-2.1563041290677694,1.2890925586420252,-2.3938108754009577,-1.3407397471851736,-0.6785395698247096
XOP,Selling Daily ATM Put,0.005017833118880155,0.00866885425865993,-0.0008104316756061269,0.10365767767048095,0.220696082168917,0.23677941271058467,1.4488316105447732,0.02865701814992361,2.469151030085828,1.5776529510141775,1.1913619812542207
XOP,Selling Daily Strangle,-0.0001464101669753637,0.011140614919935787,0.013768208735495113,0.02210101690162225,0.05922451946976426,0.09564355847817829,6.953339559164065,4.172054986063334,1.6846561520767733,1.215887354728782,1.2944909306979833
XOP,Selling Daily 25d Call,-0.002870627263353187,-0.0007926301351198761,0.00933149184212323,-0.041419506224799174,-0.08600971575334981,-0.04491125189342149,-0.34671122879894806,1.7649688968997816,-1.9757860149684963,-1.3460147452591267,-0.49433034067368326
XOP,Selling Daily 25d Put,0.0027242170963777124,0.011871548147840416,0.004132243087718868,0.06500631128196677,0.15512396872174694,0.14267637251293186,5.846151827653914,0.8354341415233594,3.7685954289014054,2.7550838021354265,1.8009262411397462
XOP,"Sell 25d Put, Buy 25d Call",0.0055948443597308994,0.012497970911595546,-0.005760753312251787,0.10768188198488193,0.25243009715074627,0.18304254671422604,3.273324421326127,-0.5202029771776366,2.9425400349366657,2.1632346394368134,1.237753498307179
XOP,Stock,0.005441741357234298,0.020081190798376003,-0.011798017932987737,0.2187015002586652,0.46729990657115983,0.40894138755980736,2.560581706844055,-0.4659416248213127,3.0298112292307806,1.895226114816078,1.3214618429283753
ITB,Selling Daily ATM Straddle,0.003489141145983865,0.011918823010847124,0.025008713365723745,0.03314543300812267,0.044382968260755495,0.12406042469410927,1.9822928879326571,2.0402073181333797,0.9075485120679669,0.46135641947784567,0.7932607772535957
ITB,Selling Daily ATM Call,0.004399436539302748,0.009452187575127446,0.047100237140868195,0.11047893950778898,0.07996088200518003,0.18983115578376397,2.476528059744612,5.514691288335624,3.121038542094971,0.7449990666621583,1.1889509040804902
ITB,Selling Daily ATM Put,-0.0009102953933187719,0.0024951529854837506,-0.021336425542484494,-0.07276093919935933,-0.04508744087684635,-0.06922542782149388,0.6212774932426813,-1.9122401130061404,-1.6271799487558767,-0.2588053748528123,-0.31161552850662544
ITB,Selling Daily Strangle,0.006032733131736023,0.009885422329267923,0.014764383224068478,0.02117657033711451,0.05585471744744486,0.10442913831913825,6.419089490935386,4.6185771809788,1.39957573261187,1.184122006837869,1.5388989385086085
ITB,Selling Daily 25d Call,0.004531214343342027,0.006931196378552107,0.023071489434519865,0.05856882362702631,0.05371097408403802,0.10673135091982489,2.827705265720277,5.004907914773558,3.831978538545745,0.9883060641206263,1.349851585614382
ITB,Selling Daily 25d Put,0.0015015187883939962,0.002844442860156393,-0.008353394302330397,-0.03621571095257703,-0.001066785545171589,-0.005993809841937536,1.3919373246741822,-1.5864851221366778,-1.7138763061510551,0.024390345072453946,-0.036976497332354565
ITB,"Sell 25d Put, Buy 25d Call",-0.003029695554948142,-0.004289290034896087,-0.031214063419551796,-0.09127637667346522,-0.05899894604181155,-0.11073255943923832,-0.9523146555127943,-3.368410255794918,-2.822017194624838,-0.5079501822040714,-0.7589008891964275
ITB,Stock,-0.004807142039601753,-0.005262555771651134,-0.0632406808877396,-0.1637010676156584,-0.119850187265918,-0.21807553956834558,-0.9124582491472016,-4.303940678902064,-2.4776249543061337,-0.42621658188657413,-0.6941119989733501
XLF,Selling Daily ATM Straddle,0.00032764253204331517,-0.01884450648349556,0.0025745255059892447,0.014413680893841097,0.06225389333507603,0.1244454894955469,-3.2647585740523444,0.3155863601281022,0.6417074941124383,0.8791010103360519,1.1580087126628404
XLF,Selling Daily ATM Call,-0.0009955932347999186,0.008378274520867368,0.03994251601173282,0.026046790967709343,0.04627100908021209,0.06625678117871048,4.552302591417621,8.915008123950582,1.5859032599603227,0.8538111099573693,0.909530395234474
XLF,Selling Daily ATM Put,0.0013232357668433448,-0.02704455691591723,-0.03601809041830539,-0.01172475665966144,0.012817646376434233,0.05177559278889987,-4.807720034896915,-3.91725465763905,-0.48283978056510174,0.2203935526221407,0.5305095204581854
XLF,Selling Daily Strangle,-0.0025868835604886398,0.0014918250409079459,0.0026360141605401566,0.016671840333416954,0.03330237995056429,0.05760021059860354,1.5228282872462395,1.0778243723746408,2.3169334724221144,0.8602358006673377,1.0731211305859194
XLF,Selling Daily 25d Call,-0.0022966817826861607,0.004602346049250583,0.018883639248028272,0.01606183283694862,0.029054082382865776,0.04421204546984692,5.551273357286966,11.031983373681323,2.229078652858299,1.0835805380040926,1.2308268727391898
XLF,Selling Daily 25d Put,-0.00029020177780259004,-0.003109396654535801,-0.016007618947404878,0.0003997027766284855,0.003177136927880575,0.011607117092401698,-2.69608412909097,-4.823240340653122,0.06095869631330292,0.10005298851560772,0.21445340051096343
XLF,"Sell 25d Put, Buy 25d Call",0.0020064800048835707,-0.007707079129167571,-0.03435522449576345,-0.015826841525292346,-0.027041657087371718,-0.033621744641422535,-4.413676993996994,-7.449659038489221,-0.9853516279058764,-0.37329954539162286,-0.34708999752399244
XLF,Stock,0.0024127691165551912,-0.03381037567084111,-0.0703958691910499,-0.02894642215030585,-0.011710887465690822,0.016180620884288288,-5.542199073609251,-6.988903905779145,-0.8854262317569767,-0.029393124467922246,0.1825948584918691
KRE,Selling Daily ATM Straddle,0.013008392121409473,-0.0004414672487297322,0.013161791972419623,0.047994444068099495,0.122363583632221,0.24258974617155116,-0.026813962035069284,1.065253479434743,1.4494527539260869,1.1595877926874052,1.3886984593824434
KRE,Selling Daily ATM Call,0.008824216267329765,0.013871274265608413,0.044685980945628145,0.06222848029839212,0.02321039348474141,0.06518651686035315,4.599864937551294,7.229340688842748,2.4143132075231746,0.3205071158519546,0.5922943212871956
KRE,Selling Daily ATM Put,0.004184175854079708,-0.014271766260649077,-0.030148989328481424,-0.014055521749179678,0.09202468516717355,0.1601633711546726,-2.5806288894989318,-2.691326750704613,-0.4372773917060704,0.9522402193394591,1.0265920299061588
KRE,Selling Daily Strangle,0.000467500021001932,-0.002125303086933261,0.00905501665535935,0.027333639836122137,0.09319291382050654,0.12459111674652634,-1.1031354662904214,2.3085647085818155,2.6313798094182514,2.2151940686008094,1.4471087739729647
KRE,Selling Daily 25d Call,0.0009280646045741747,0.006863596650933834,0.020644883984686002,0.03405133517803938,0.022370130552731737,0.044260437899323435,4.265834255416253,7.091161983425595,3.342032553508363,0.549847851137182,0.7291228002138088
KRE,Selling Daily 25d Put,-0.0004605645835722427,-0.008991439994246564,-0.011466779795948012,-0.006868478305800285,0.06721783962470473,0.07435843433099731,-3.6257787106206756,-2.3222202396424882,-0.4794044746336253,1.2997573101636353,0.8516827931227706
KRE,"Sell 25d Put, Buy 25d Call",-0.0013886291881463064,-0.0158727788087345,-0.03168861075079776,-0.040354149414217444,0.03926845041156013,0.022420121548462735,-4.258096199737572,-4.544457584153048,-1.8639767387995403,0.5111456958427479,0.2371788503817069
KRE,Stock,-0.004546100298337907,-0.02667037088484503,-0.06908462867012066,-0.06598240469208194,0.08032685784767257,0.1092290644293159,-3.7201158145775266,-5.901506059939374,-1.5341753627674808,0.6043640882173618,0.5777897610354138
XLI,Selling Daily ATM Straddle,0.006397820283510658,0.0075879908705802634,0.011708832514646161,0.047308354418068355,0.02932434819617935,0.07895939547903419,1.8658809761240396,1.580126413253125,1.6793140426456863,0.34458327278263556,0.5891155229025997
XLI,Selling Daily ATM Call,-0.0011045019289485092,-0.00026347948997829107,0.017877147925039916,0.06304272913873721,-0.020649301523969488,-0.012873612546329904,-0.11017207845753652,3.605258396182054,3.299750896027929,-0.23212228072055743,-0.08615724436798612
XLI,Selling Daily ATM Put,0.007502322212459278,0.007791285713239615,-0.006266113540067453,-0.015552338326837556,0.04828517029896906,0.09042607338462871,1.8423421891705494,-0.7209975808800609,-0.4878783031432655,0.5473570117025193,0.7267378714291537
XLI,Selling Daily Strangle,0.0006880175892394202,0.003455354304699787,0.007605004912534685,0.02613512695019815,0.042407181118463866,0.06467019690806142,2.9714803679545603,2.7781380641686337,2.8624986990790955,1.0571684387392621,1.1942130005787335
XLI,Selling Daily 25d Call,-0.00164299245469135,-0.001364407544081847,0.007631748413616135,0.028671431564603722,0.004671983191468554,0.015019225469562691,-0.8570816756540169,2.589267863957384,2.9007937757832027,0.1694038976316572,0.3933319456720914
XLI,Selling Daily 25d Put,0.002331010043930881,0.00480149190554191,-0.00010325330736626892,-0.002765666138828893,0.03661343066158995,0.047745354352703995,4.693428692954633,-0.009949127372224871,-0.21856640412480968,0.8439515721272709,0.8157852438927291
XLI,"Sell 25d Put, Buy 25d Call",0.00397400249862212,0.006093815343149123,-0.007859491810511154,-0.03125144746273478,0.02944094525735519,0.029448729223950254,2.59358656413968,-1.3361766325775217,-1.6063249811417364,0.48891203990634347,0.3814802322484691
XLI,Stock,0.008700764256319937,0.009412872102600556,-0.021053232156101997,-0.06704366266108408,0.08912022343531723,0.13396338642521965,1.8356486500412215,-1.8463902232197813,-1.6987350990479049,0.7168961640704189,0.8012961312719331
XLB,Selling Daily ATM Straddle,0.0008643821612728253,0.005161279891667592,8.005927028098547e-05,0.003054172411754097,0.04090636912975243,2.3106393929352698,2.0638319553246607,0.06116226028985643,0.16819046908218238,0.49407680755998395,3.55580354480234
XLB,Selling Daily ATM Call,-0.0018440711851398506,0.0028895621020204043,0.02819878078899607,0.027266569423322506,-0.012960911647379114,0.7049016818126859,1.0151025281372372,4.50565630837935,1.3509028962771679,-0.13688259705547007,2.7130343868854663
XLB,Selling Daily ATM Put,0.002708453346412565,0.0021285977090736985,-0.02747675412523587,-0.024542858982729232,0.050853642359794726,0.9809124839117818,0.7138867103643691,-3.8057468771278846,-0.8205988806095734,0.5916176478762684,3.496135892626983
XLB,Selling Daily Strangle,0.00041239541878312913,0.0030452311885487138,0.00647571718423956,0.017810356321612764,0.02741892302555926,1.3040138617593349,1.9968994062817444,2.319214530697269,1.963497147131509,0.5690206416654019,3.808492065514616
XLB,Selling Daily 25d Call,-0.0015689973631493048,0.004431561009302198,0.016593518535712004,0.01710704110118111,-0.0008625515604065992,0.43202166398035624,3.6499824751384944,5.2001992589249895,1.4239564747930862,0.003534559141121651,3.2326513469482276
XLB,Selling Daily 25d Put,0.001981392781932545,-0.001432628530984692,-0.010067603812853099,0.0002804135416221154,0.026894975179342584,0.6248588314964694,-0.5878265242159628,-2.52450516365476,0.0481545886607859,0.5146131296310799,3.6307668955463686
XLB,"Sell 25d Put, Buy 25d Call",0.0035503901450817388,-0.005925992381609846,-0.026470537731633215,-0.017549333604018336,0.0243326735197662,0.13144496200888378,-1.7144509214428465,-4.008789377408101,-0.7627749305825706,0.35306627505279375,1.196321184076103
XLB,Stock,0.004646464646464565,0.00040233353449981024,-0.05167810831426389,-0.04383772351470849,0.0829703832752604,0.20236943907156757,0.1353903073814227,-5.069073590837566,-1.0042146151408173,0.6745441730914383,1.0308817175728267
XME,Selling Daily ATM Straddle,-0.022709461717773882,0.005667159310883463,0.019391515020018346,0.011367071990089794,0.022048653964550136,-0.03177280747701361,0.5222386536449863,0.9190190202257474,0.31443046641365074,0.2526302792277796,-0.06275045103475246
XME,Selling Daily ATM Call,-0.030041013820134244,0.005607486242109161,0.06038505598313315,-0.007563803915441314,0.01905285699033299,-0.15605891928377125,0.6628546881768571,3.304193580098119,-0.04594707375232238,0.23276222816841532,-0.6681255676447703
XME,Selling Daily ATM Put,0.00733155210236025,0.0010084594743515751,-0.03856689414201353,0.013971620299609855,-0.016514996012286898,0.11283779133989524,0.2135321150352441,-2.4349150884704387,0.3624285804165636,0.01512060881169884,0.5823451185631021
XME,Selling Daily Strangle,-0.0015879300125681839,0.006462735414334286,0.01533826193977772,0.03554005491831491,0.08300246490103391,0.0451623579250231,2.797343038506822,3.641979079566364,2.1787654107161223,1.5803575865629809,0.5913118347125536
XME,Selling Daily 25d Call,-0.009813053005449879,0.004643489126168854,0.03159387959020754,0.008561453696047217,0.05381607428523738,-0.05090349659687976,1.445052413456224,4.797085400592787,0.43116544020770725,0.8904466498919785,-0.45121669267888664
XME,Selling Daily 25d Put,0.008225122992881584,0.0015964828667127673,-0.01625262527681015,0.025265186945862217,0.02292036514201845,0.09300107057748574,0.4758998531438035,-2.1726704687411194,1.1885506530882797,0.36181479910738834,0.919125181899088
XME,"Sell 25d Put, Buy 25d Call",0.018038175998331463,-0.0034925277366121277,-0.04739863267628541,0.013049977496364384,-0.03910396275324757,0.1308726338769215,-0.45751282786872777,-3.565057610303247,0.4017997783913541,-0.2285990780827977,0.7421036517424235
XME,Stock,0.03787515581551437,-0.004048582995951455,-0.09392265193370153,0.016147202403304473,-0.0583732057416263,0.2686357243319262,-0.2497152850556312,-4.091036858722598,0.36347670732580917,-0.019647714326951896,0.794345437661861
XRT,Selling Daily ATM Straddle,-0.00805613222708701,0.02608362102025974,0.009877865328445257,0.026159350634043843,0.09804178598293434,0.15341199554414864,5.20648802952415,1.1781564333551724,0.9325626089665152,0.8360738414349271,0.9099442248561643
XRT,Selling Daily ATM Call,-0.004161993306449285,0.011366908818855936,0.03386980792864991,0.04609070271625937,0.0720255645469321,0.10732107944350133,4.12648067168414,5.37637342472682,1.8753390198959499,0.8734275595363874,0.8842225471382956
XRT,Selling Daily ATM Put,-0.003894138920637724,0.01468385864888555,-0.023384215048927515,-0.020326566073783026,0.022219753446341972,0.038542448170864274,5.424885675312404,-2.981132371943539,-0.626216764996425,0.2803203447789455,0.3348045075337886
XRT,Selling Daily Strangle,0.001798827023163252,0.00893291506135574,0.012427349570781399,0.029095189455498494,0.07075881844709997,0.10006509204982073,6.987678995876132,4.295702917188027,2.6260981788658198,0.9714065517205782,1.035101941536421
XRT,Selling Daily 25d Call,-5.7142964082101955e-05,0.007256941332288269,0.01889791969304455,0.026627929058949062,0.045544656670692296,0.06894515051981975,6.5401086652286144,6.56038790890239,2.1742184407524365,0.9188916091477711,1.0337556787632873
XRT,Selling Daily 25d Put,0.001855969987245354,0.0016410197854692665,-0.006440749095237841,0.0019642463312021796,0.02293843576046073,0.02743241327747392,1.0507430445097592,-1.685473306072554,0.17261641442357226,0.37945658052772147,0.34464548775237785
XRT,"Sell 25d Put, Buy 25d Call",0.0019131129513274558,-0.005631262834620343,-0.02507040950358863,-0.025065913215271074,-0.026162388359113442,-0.04466977955415452,-2.3025528796475268,-4.154437125117227,-1.0373962510331913,-0.21663513807645143,-0.29946024243088304
XRT,Stock,0.0003617945007237111,0.004723837209302362,-0.0529740837995204,-0.058028616852145665,-0.0317497373643042,-0.043693797555913294,2.1538407666853856,-4.839448807161336,-1.2019667921287547,-0.11936493983860082,-0.11550663218075166
XLY,Selling Daily ATM Straddle,0.004810703462505339,0.011252170393060368,0.011135879939770055,0.024202619503623346,0.0686049216421587,2.5501574040721886,3.4247559003724586,2.0863234093406002,0.8269229575130139,0.7261377750834316,3.979502662849555
XLY,Selling Daily ATM Call,-0.003434292954997087,0.008459463625052122,0.02093335852557754,0.03843476303227944,0.06933748085308178,0.7788438841002778,3.17701207278294,3.885463530795303,1.545896411519888,0.9364715076949593,3.211542246410221
XLY,Selling Daily ATM Put,0.008244996417502426,0.0026571555837433536,-0.009928485983353164,-0.015036069038895206,-0.0043550754457800656,1.026680851113679,0.7575718064175159,-1.3097272720502646,-0.4156199273278668,0.02405287393356353,3.489122566185121
XLY,Selling Daily Strangle,0.004941601769135273,0.0047249982962707104,0.010354953396739752,0.01804675403619793,0.05590600869833362,1.4947912744317282,1.4590390625675111,2.116636867069997,1.0754741119062432,1.0648921442313977,4.115345538770579
XLY,Selling Daily 25d Call,0.0007877732528631665,0.005450843444207987,0.013042631105407487,0.023489405540066954,0.049830989557627214,0.5360479713684907,2.531933633319302,3.296096416913471,1.9397429024555275,1.3470737623097666,4.2335683594589595
XLY,Selling Daily 25d Put,0.004153828516272107,-0.000699027719914258,-0.0026830605841081656,-0.005527733974417748,0.004713649021645727,0.6368132584251256,-0.31577253179417514,-0.7111221513610929,-0.317618222870757,0.12374059367321813,3.0990700290060267
XLY,"Sell 25d Put, Buy 25d Call",0.0033660552634089402,-0.006202690455825999,-0.01574633099004974,-0.029154140118708427,-0.04578663137376249,0.06238479508189121,-2.3377560264669115,-2.691426847210487,-1.27885768717209,-0.5573004158953173,0.48185565359202465
XLY,Stock,0.011773229487411774,-0.004544239508152748,-0.02776085632233849,-0.04610655737704883,-0.054102108204216126,0.18334922148077748,-0.7580910355724418,-2.3389735589585356,-0.8917325436453444,-0.2859110894704181,0.897741355282072
XHB,Selling Daily ATM Straddle,-0.0058938262224861315,0.02891047278343062,0.013395538505281523,0.04084052539370164,0.04617421266577981,0.13365390021919477,5.487960271833358,1.2107437795768845,0.9684249859732723,0.4228889933402769,0.7835049781158702
XHB,Selling Daily ATM Call,-0.008455498609342471,0.012833589071595375,0.03757292904594056,0.09798053277351504,0.05332418979579079,0.12865914681099166,3.7163763063902713,4.334967147249045,3.1836869425351213,0.5322846143185177,0.8877480401132343
XHB,Selling Daily ATM Put,0.0025616723868564506,0.015880079178969275,-0.023527575718268134,-0.05390182260836096,-0.016098681643679225,-0.006731933115398658,3.9027393858901376,-2.4080086116667743,-1.1146022928757213,-0.02067149001657937,0.05342599000941555
XHB,Selling Daily Strangle,0.0011779585642623935,0.011904847253789042,0.01481406020834597,0.03470257737636118,0.052792825376440256,0.10002138297436813,4.912357309855194,3.4297500250139734,2.9378177616728385,0.8194381635614161,1.1835018094393823
XHB,Selling Daily 25d Call,-0.002500449618436873,0.01264790416024586,0.02056311733547922,0.05248070996740073,0.035569941422113116,0.0771216934208887,7.5180073437003365,4.040494363381673,3.430955957044052,0.5943296689082395,0.9637261129606384
XHB,Selling Daily 25d Put,0.0036784081826992665,-0.000772221512314708,-0.0058455678225698415,-0.0176892841227676,0.013762162978583126,0.017778716844347953,-0.2772677586891701,-1.086102834270986,-1.0019715192034884,0.25012481480589654,0.24873518538553013
XHB,"Sell 25d Put, Buy 25d Call",0.0061788578011363615,-0.013369277926691181,-0.026404759681407763,-0.06834336040312539,-0.02921573777457187,-0.06439434083809104,-3.7641419651704955,-2.795786015092866,-2.2862403177238555,-0.18684833322094924,-0.3919222910727036
XHB,Stock,0.011111111111111294,0.004228547854785658,-0.05694915254237276,-0.13495024875621886,-0.06581598388179988,-0.11578278241917939,0.837667660440321,-4.082489302419158,-2.199427390804575,-0.17040848811131468,-0.30519305824474996
XLK,Selling Daily ATM Straddle,0.004686913413993743,0.028226570175929222,-0.0010500581447672186,0.03481017830099975,-0.003930421233048653,0.9119469528522401,4.941668707871282,-0.02991880237059093,0.911899449320292,0.041325931574247264,2.4760919030407322
XLK,Selling Daily ATM Call,-0.00027219205802242463,-0.003374767155063685,-0.03683841490971784,-0.038416410533918866,-0.15972560357246768,0.1259315362834248,-1.045088027667182,-4.2006750237144885,-1.0699526467798397,-1.6880094108895982,0.7512492629688765
XLK,Selling Daily ATM Put,0.004959105472016168,0.031795631993974505,0.036850391702041074,0.07325956441556358,0.17347557017923898,0.6964932064050475,8.370721703344948,4.084315035598271,1.7454654963697247,1.3187944677522827,2.6570686545432296
XLK,Selling Daily Strangle,-0.0008288595544834187,0.004234109869945213,0.0075161818457389895,0.04810546443111674,0.037989933228218975,0.5312708645418722,2.9613246787064056,2.161345084495927,3.973265121975281,0.8404053669554907,2.0728999284698104
XLK,Selling Daily 25d Call,-0.002862634259175656,-0.006287707216885874,-0.01740427910560316,-0.011018438464920788,-0.07289737415229913,0.14368411207160237,-5.349695825727878,-4.160204970399519,-0.5897380904344021,-1.5444221648158933,1.555648641774209
XLK,Selling Daily 25d Put,0.0020337747046923482,0.01054813207408034,0.025208566649229436,0.058817617522622934,0.11655716440042907,0.3389130911560556,5.54676593503869,6.260257498252319,3.5527029923520916,1.852391059023362,1.5740197801744777
XLK,"Sell 25d Put, Buy 25d Call",0.004896408963868115,0.016866029657577997,0.04297772199335048,0.06826844300403612,0.1972544001992822,0.16159474372558136,5.977638010349302,5.732803653251189,2.142598414365956,1.8789517391970665,0.7998856953520334
XLK,Stock,0.005325237644950853,0.03669489350782662,0.07859888936352011,0.11855584473116032,0.40160976963641604,0.5233785822021138,9.340976441555659,5.506614776968061,1.8499308264353473,1.8044023899368047,1.6908790498852635
SMH,Selling Daily ATM Straddle,0.004372407525833788,0.04107383563392064,0.007002464015640308,0.08889963963405978,-0.00406158214107355,0.011787872795150811,6.424163798887915,0.6140083058931277,1.8167743451955893,0.06298612151459608,0.1555555417455548
SMH,Selling Daily ATM Call,0.003337448942631882,-0.009035839419804681,-0.05072926830569735,0.0029691283162758264,-0.25671611412205597,-0.3084138621011918,-1.914042147730925,-3.6375002139322117,0.16010662974120435,-1.7856262462865382,-1.7579310274784872
SMH,Selling Daily ATM Put,0.001034958583201906,0.05055472031163033,0.05946035981736841,0.07793611460643612,0.30324409075234304,0.4154765517500696,12.522304621028068,4.626848293897251,1.3537252530752963,1.5778727885219432,1.5735608074828318
SMH,Selling Daily Strangle,0.005711350161214934,0.01985842742929167,0.009044411523362106,0.08536013685843646,0.05486956020786349,0.0727804538664798,13.067403942335766,1.9620855714708332,5.0121330839347635,0.8927610432881918,0.885200954387516
SMH,Selling Daily 25d Call,0.002356297934990925,0.0001342554607421942,-0.025196086792776073,0.015583978876009486,-0.11514062368090694,-0.13942273882352207,0.09114777360031046,-3.544455991752865,0.7041090004296704,-1.585932522270428,-1.51389940060866
SMH,Selling Daily 25d Put,0.003355052226223787,0.019666066540437566,0.03465771886633395,0.06657372014853746,0.18377171749548626,0.236025718321901,10.703704175504905,5.485226564960367,2.5136896621939986,1.9009328385036428,1.8280598255881813
SMH,"Sell 25d Put, Buy 25d Call",0.0009987542912328617,0.01938686533520806,0.0602485664794552,0.045712112370034585,0.31827286136362853,0.41097420158177767,5.603918176704611,4.739671825631552,1.0465187153971993,1.888717387863279,1.8169449974017866
SMH,Stock,-0.0022085502445180483,0.06118819522507257,0.11550060845487686,0.06788904084148006,0.6943477096169306,0.9761919640067491,10.381738848395374,4.844946949634697,0.8799740918323566,1.9060733600884772,1.9002057932504348
ARKK,Selling Daily ATM Straddle,-0.009367673969718937,0.003882762077699553,0.006381269702461223,0.007761781985934357,0.016583445504503747,0.060513002831018126,0.633785787588562,0.6431525216687128,0.263259546363176,0.21331489872178822,0.39315093342830226
ARKK,Selling Daily ATM Call,0.007704154844530242,0.0033160337288680175,-0.021164658198795316,-0.054162013696450795,-0.07738757027263576,-0.03117260098823904,0.834871367265599,-1.8615043088933396,-1.1401001306798704,-0.5377646215405355,-0.10100995624667422
ARKK,Selling Daily ATM Put,-0.01707182881424918,0.00012224998906096296,0.026823972807780372,0.058703326896062835,0.08124686754411647,0.06667419002246389,0.10945907053526564,1.9204270366334597,1.1369880103716536,0.5619325185509957,0.383098883070014
ARKK,Selling Daily Strangle,-0.010139317304922457,-0.009291201228058044,0.0014193934346917736,0.021748815397759858,0.09399023571274201,0.15432998597271186,-2.6805290138409275,0.2948492506817171,1.4237010301967585,1.666019247993548,1.6798522494877692
ARKK,Selling Daily 25d Call,-0.008378664364293353,-0.010448218545743737,-0.0198330378064967,-0.02371575405018511,-0.006729579543221176,0.041656876196648485,-3.5546123554387514,-2.902320506213778,-1.1070081143506003,-0.07118854981096656,0.5459624841915204
ARKK,Selling Daily 25d Put,-0.0017606529406291038,0.0011156499012452414,0.021325932762422894,0.04517372895995786,0.09617886493312056,0.10181148045013466,0.4298685810351644,3.47657747704478,2.1493137270694995,1.2090599807044817,0.9175854973252227
ARKK,"Sell 25d Put, Buy 25d Call",0.0066180114236642495,0.011424413825114499,0.0410374972430394,0.06721539143912736,0.09296708783748775,0.044864056258042684,2.5299512847460996,3.488531058550517,1.7537941905454582,0.7749491810433147,0.33813936692836793
ARKK,Stock,-0.02468204354386727,-0.0025352733686065942,0.04952447228021328,0.11372307692307726,0.1555356914825694,0.08267528116774514,-0.0972108676604948,2.2160512760017874,1.3756261283075106,0.714919544909139,0.3989741409158843
IBB,Selling Daily ATM Straddle,0.014618541538646834,0.00902172974501192,0.010720587718661134,-0.011081673524783842,-0.01613853821004474,0.019964508423070404,1.365054695192779,1.0244071877056518,-0.2842799831290105,-0.1004634929827126,0.22105496844536834
IBB,Selling Daily ATM Call,0.014503661462580197,0.008770576663252427,0.0323526810358441,-0.03927694426714978,-0.08896163737021356,-0.15727197568557683,1.7000948798595827,3.2605056159429107,-0.9750127514640213,-0.9150560646223371,-1.3317249685669932
IBB,Selling Daily ATM Put,0.00011488007606663686,0.00026732327241485443,-0.02122508114257371,0.02663884488128354,0.0729126430673126,0.20047917648883784,0.1108729599751703,-2.6119114052939003,0.9775921969868665,0.794408066329948,1.4895283117776468
IBB,Selling Daily Strangle,-0.0007760125813548457,-0.00012156020580900151,0.00622415603151083,-0.003113026448369971,0.021578500053380578,0.06453935094896956,-0.07490494913238423,2.226145625596081,-0.15543816709754832,0.5471655396122841,1.198932323070646
IBB,Selling Daily 25d Call,0.0028237116191529577,0.0004793378136960236,0.011552996082388578,-0.02784697345306475,-0.041905669405185475,-0.06849074616482309,0.2537200217082705,2.8511538292967487,-1.3257071148098867,-0.8792325812637207,-1.1421886884028334
IBB,Selling Daily 25d Put,-0.0035997242005076924,-0.0006688893026919329,-0.00539295123767658,0.024693724388248794,0.06448398364213515,0.14042350041082163,-0.3360157302559025,-1.550301819581952,1.8009414513373534,1.493955016735815,2.3237177556203776
IBB,"Sell 25d Put, Buy 25d Call",-0.006423435819660539,-0.00131441120430964,-0.01707711648324628,0.05143167874692267,0.10575597155812755,0.21726090685302446,-0.31082556760763363,-2.4216546452590992,1.6829237192594089,1.3184540667606106,1.9249460471775748
IBB,Stock,-0.013886191493493905,-0.007137270238561033,-0.050046772684752217,0.07013014384319427,0.186886395511922,0.44678729163698727,-0.9870656925461259,-3.512504964206176,1.265568421038177,1.1502557596578271,1.803719724336153
ARKG,Selling Daily ATM Straddle,-0.06608576151488554,-0.007545581678311097,-0.041486760003358936,-0.014804562084409167,-0.06129998885775467,-0.00035964394688725587,-0.24770646473212937,-1.4407535895979018,-0.03349980265732732,-0.10466463762745822,0.16195697838939102
ARKG,Selling Daily ATM Call,0.011217582342113008,-0.005400975350874582,-0.0701843965452964,-0.10895931735476738,-0.29544679036510535,-0.30783137421277873,-0.466145581694323,-3.255717856878234,-1.4723354019114894,-1.6991724336794318,-1.267737092868014
ARKG,Selling Daily ATM Put,-0.07730334385699855,-0.004106305712442859,0.027006344164329565,0.09602418579684668,0.30480572231768055,0.4056207209268654,0.009788010232503423,1.103111657136131,1.452972198390674,1.3583106348782454,1.2925546471795746
ARKG,Selling Daily Strangle,-0.01109935819735608,0.002710354671991322,0.008871754692901579,0.04481359419066222,0.11124955438326456,0.1811691250338341,0.721615815282756,1.285196370619079,1.784630329225636,1.4147197211658904,1.6328951382039476
ARKG,Selling Daily 25d Call,-0.00845853932693208,-0.0022086874648064025,-0.03160628206394145,-0.05154044480953868,-0.11684510288486316,-0.11100077975951661,-0.7063636299849408,-3.9593409828557,-1.4508954534683398,-1.3613459946237274,-0.9096773074500153
ARKG,Selling Daily 25d Put,-0.002640818870424,0.004920347249129486,0.04142548417108527,0.09923730757101312,0.25023328796267696,0.31716736500938025,1.784924494161117,6.880616850651639,4.639110078126026,2.6460613066001284,2.4355352013247917
ARKG,"Sell 25d Put, Buy 25d Call",0.005817720456507969,0.006931328729180786,0.07416044965312296,0.15075382099233536,0.3919838807378966,0.44755347020658154,1.6994187290023146,5.960024101898987,2.85194215448012,2.234604346682006,1.84790294605688
ARKG,Stock,-0.08842698608419941,-0.0011580775911989027,0.09779380568519325,0.20601258447914272,0.773474982864975,0.9166666666666652,0.24344633887594405,2.415329512525854,1.8230365541957279,1.9246276760441308,1.6467437826165363
XLU,Selling Daily ATM Straddle,-0.0033168293476985022,-0.008564138673398669,-0.00980611402858178,0.006850365854950358,0.03864816851466579,0.9894713777582886,-2.979205474260826,-1.809489765959916,0.4119359462832158,0.5029799264182833,2.397368224546087
XLU,Selling Daily ATM Call,-0.016497609239860878,-0.010226439533091103,0.01861660567988821,0.06087598242161074,0.04805852277872935,0.45650663295273075,-2.328640266169455,2.5189262677534527,3.000309719392331,0.7085866042438079,2.249330402573107
XLU,Selling Daily ATM Put,0.013180779892162375,0.0012784015347298006,-0.028589511180646232,-0.05214328697528847,-0.01165916790631194,0.38530536215698663,0.3144534362234096,-3.0698581861572682,-2.282989776331949,-0.09578506105345787,1.9678769025968617
XLU,Selling Daily Strangle,-0.0016012365391366856,-0.00600123167354738,-0.006846338241462968,-0.016176329944220913,-0.027836031743142975,0.3769765618393006,-2.7653425984187643,-1.84557484673433,-0.6610864118970095,-0.31222243776189923,1.443332963959442
XLU,Selling Daily 25d Call,-0.005764880920638871,-0.003830172512167551,0.00843530409533777,0.01751851513402225,0.011202183813665334,0.23522017014444985,-2.1914953722466772,2.5784339700304426,1.0366343268119866,0.24469577564138306,2.1816576348966845
XLU,Selling Daily 25d Put,0.004163644381502296,-0.0022236345276182012,-0.015280296378932912,-0.03354939353898012,-0.039662180880380205,0.12018562871852301,-0.9129403741844153,-3.1770632252215947,-1.5855680413294748,-0.5458744269288022,0.6787877428377651
XLU,"Sell 25d Put, Buy 25d Call",0.009928525302141278,0.0014986427132408497,-0.023772523036043713,-0.05179999385140366,-0.05510725346909573,-0.09749644242893163,0.4623789687075878,-3.223714425959412,-1.6605103605565406,-0.527623308814522,-0.42682788086758255
XLU,Stock,0.02977232924693518,0.012297097884899078,-0.04456824512534818,-0.10052447552447585,-0.04011194029850862,-0.020932445290200108,1.4835745176970359,-2.7620546853112797,-2.6398824212865337,-0.24897413490674955,-0.04607954643566653
XLV,Selling Daily ATM Straddle,-0.001968763323124012,0.010314929176476362,-0.0007790997604814054,-0.009560999637076462,0.007994038040282092,0.04172988935023003,1.6626223062093102,-0.01685984076249014,-0.2078591402606518,0.14887603611245714,0.38172651849289035
XLV,Selling Daily ATM Call,-0.00010094150791184475,0.011633801580365422,0.013906192639367543,-0.011903146470062742,-0.025229596392827736,-0.07085702886749612,3.4214192271910364,2.22969014203553,-0.4132274715918476,-0.3048635480781491,-0.700098386535481
XLV,Selling Daily ATM Put,-0.0018678218152120563,-0.0011885804239394338,-0.014538193177685677,0.0018556696249174554,0.03234203808384195,0.11852688591187688,-0.21674835237543494,-1.706857105019051,0.12411740831647634,0.43982939522759934,1.0914317203132173
XLV,Selling Daily Strangle,-0.0012988171543113491,0.0009225422833833985,0.0013278930596578586,-0.0019310794886809868,0.014851005758989011,0.02601974865193646,0.773048885498944,0.3512956991648234,-0.14206132352808631,0.5103319422060485,0.6281632240941343
XLV,Selling Daily 25d Call,-0.0006716579897508845,0.005524664550286662,0.005601908919564247,-0.011174335260083046,-0.01671148925010979,-0.03691718345092876,3.6822286184481507,1.2733491283636573,-0.7041631215154511,-0.42930682085173305,-0.7249570745593634
XLV,Selling Daily 25d Put,-0.0006271591645603536,-0.0046084769487898525,-0.004330339415530293,0.00894953475588589,0.031054051168087016,0.06398450124262878,-3.432106961709009,-1.382530174894461,0.9501350461374009,0.9901197555998998,1.4772276269969162
XLV,"Sell 25d Put, Buy 25d Call",4.449882519041992e-05,-0.010162862374360149,-0.010196332488230153,0.01896793638235028,0.04554333715021475,0.10058746748275493,-3.9341456335314526,-1.5252037013280304,0.8752215684449108,0.7620011179688032,1.1980996139939437
XLV,Stock,-0.0016729401923881726,-0.011360274539967574,-0.025430154564012653,0.020459264687920697,0.07890488797055739,0.2353245601064642,-2.418287324716658,-2.3177018648255157,0.5780927552713845,0.7121954524258988,1.3930243354281717
XLP,Selling Daily ATM Straddle,-0.010721307005050584,0.005186773497207087,-0.000662326107732869,-0.006368628720379799,0.0051073318099561504,0.07346715132307247,1.0589729900315814,-0.03406944104083437,-0.22129912764200707,0.12119390790983045,0.679154595929562
XLP,Selling Daily ATM Call,-0.010002725893242914,0.003984182408418135,0.017944309456239704,0.019370723850264504,-0.01753690473610814,0.021559744812976067,1.3494942418014408,3.5225628882174984,1.062626547528112,-0.24423184031813222,0.2894896968832011
XLP,Selling Daily ATM Put,-0.0007185811118076701,0.0012123348499173403,-0.018328364656031604,-0.02608295788558057,0.020216475292308855,0.048686361499052255,0.34592053327034733,-2.730981050094084,-1.0107184709178105,0.33042768173179643,0.535761389392777
XLP,Selling Daily Strangle,0.0017557851037006689,0.0030196637504122936,0.007665120791224833,0.008046795063322287,0.016385083239886633,0.028502615872459502,3.3265866547685916,4.311630097515718,1.1197443024721265,0.6024581705510245,0.6822017162589363
XLP,Selling Daily 25d Call,-0.0024184805968937573,0.004777138117749047,0.011493451227729379,0.011002053658907718,-0.00851910966344993,0.005310862068466093,5.106309754696773,6.253799433767213,1.0270823399200673,-0.22379605351175988,0.133383853821189
XLP,Selling Daily 25d Put,0.004174265700594537,-0.0017701936633827131,-0.0038263711623243157,-0.0032231386977685794,0.024145647869348252,0.021884663567131923,-1.3275296038002007,-1.4994835659842967,-0.3446072893518921,0.7928609477467907,0.5368609339333076
XLP,"Sell 25d Put, Buy 25d Call",0.006592746297488183,-0.006559164299434483,-0.015232821014087405,-0.014850306265565938,0.03027501357817486,0.012920045764418964,-3.110204534579327,-3.769008386691825,-0.769727396721648,0.5433396599346298,0.2001194118440061
XLP,Stock,0.009378084896347394,-0.001464843750000222,-0.032868290375975384,-0.03753382750911838,0.058762619725600373,0.056028918151304063,-0.2417230222000124,-3.7764250506945465,-0.9522816649387282,0.5816186429910257,0.448347102157872
VNQ,Selling Daily ATM Straddle,0.0038951303682581706,-0.008614446424773936,0.0019176528273296967,0.00178314380983835,0.02498582730806853,0.14740459354000524,-1.4799996437189753,0.2789169661062555,0.12872641660002995,0.37952673774208634,1.0667777641911635
VNQ,Selling Daily ATM Call,-0.002062662803083204,0.012908068860807864,0.034487323995216146,0.04943507349930676,0.013748467489163918,0.08959651484628406,6.43077380466912,8.833354761195618,3.018330973996627,0.3015114419103396,1.059978473845606
VNQ,Selling Daily ATM Put,0.0059577931713414856,-0.021307428136462914,-0.03165152102609814,-0.046172425643922765,0.00924551304128407,0.05294256943309006,-3.853537559282001,-3.652492552911858,-1.9824874979986935,0.17605883885796467,0.5229714729031758
VNQ,Selling Daily Strangle,0.007483738429193032,-0.00528373597641929,-0.0005537945255107424,0.011159309524481298,0.03246993731286629,0.0719882566597505,-2.05091438552882,-0.10562238008630323,1.2173898535215548,1.286797303800675,1.997374008799281
VNQ,Selling Daily 25d Call,0.0003548436001936661,0.0050592316154118855,0.015238576672497173,0.02539086010200342,0.016772434853367768,0.05793815925380419,4.160275197071972,7.130294887272164,3.2200765138483076,0.740429694615097,1.812512850929745
VNQ,Selling Daily 25d Put,0.007128894828999366,-0.010339982762039068,-0.015624085597995885,-0.014079942508546273,0.014747997602859497,0.012424934313777669,-3.450321016956357,-3.252377107625608,-1.2714041893434906,0.4723516732940003,0.3022187525419545
VNQ,"Sell 25d Put, Buy 25d Call",0.0067740512288057,-0.015406333604770617,-0.030530943733888427,-0.0389424121573827,-0.00341977770627655,-0.044780054803319036,-4.065620973842968,-5.044952825347991,-2.3520991650852583,-0.03192954708603297,-0.6400641994142905
VNQ,Stock,0.008523045867444345,-0.032074050156065126,-0.06107746920025059,-0.08374936321956172,0.017077584256953937,-0.0023297093410242775,-5.23237717038591,-5.909005483364977,-2.480102123231607,0.2366366494990741,0.053381448698586624
XLRE,Selling Daily ATM Straddle,0.002360846192754229,-0.005558399285517157,-0.0016263550191848442,0.00950515213489922,0.018821786739638302,0.11603809358749717,-1.3336343708956915,-0.22641792692039042,0.592764583282178,0.31306299928250597,0.7702533832026189
XLRE,Selling Daily ATM Call,-0.0037305238450188183,0.01525940988734753,0.0320195181769245,0.05410952319646389,0.010408805109581198,0.07651449852626047,6.401115388752717,5.825662384013848,3.146138674544019,0.2278318739397559,0.8202283731969309
XLRE,Selling Daily ATM Put,0.006091370037772936,-0.020564217657494832,-0.03280289039363182,-0.04312235566518485,0.006198611195429082,0.03818915143464641,-5.686039666026736,-5.6566307869184405,-2.1933468593018746,0.13792510222914797,0.38155704109167043
XLRE,Selling Daily Strangle,0.007173709545797546,-0.0030295143868027674,-0.0034376819961993155,-0.005219427356252804,-0.07805060286464027,-0.0644467657661868,-1.307074874217462,-0.9330119384794002,-0.3222598006431947,-0.6136409946778589,-0.3832387881078265
XLRE,Selling Daily 25d Call,0.00485453964731275,0.00761654369144682,0.014850101717613695,0.0158657324946323,-0.0012723196877367782,0.033181268348478454,5.735742756480605,5.642448818376617,1.1397467280925473,-0.01186272836797507,0.7476802921225798
XLRE,Selling Daily 25d Put,0.0023191698984847964,-0.01057124372890439,-0.018053431933236608,-0.020976472973858074,-0.0766581729756124,-0.09440320060035423,-5.9156099498690065,-5.879309976567413,-1.876172608797939,-0.6471876138058462,-0.6492474302048993
XLRE,"Sell 25d Put, Buy 25d Call",-0.0025353697488280647,-0.01810085518124982,-0.03254511034507601,-0.0372855956905922,-0.07685699886274833,-0.12518545667847125,-8.353513507919176,-7.404322172830133,-1.7863573504970656,-0.6204652893295123,-0.8530625518925914
XLRE,Stock,0.010324483775811188,-0.03362332471196816,-0.06014177909901697,-0.08504007123775592,0.01657185258471472,-0.00484261501210792,-7.259047367977671,-6.450335908277963,-2.6525481290264747,0.23161392571331432,0.035968563744458414
ITA,Selling Daily ATM Straddle,0.005434633297914049,0.015764351333489746,0.027819550526033465,0.03568536372045639,0.009355668444428478,-0.034750624462592916,4.9215508602911635,4.3921462472550035,2.194744830878409,0.1906844178101894,-0.12861731446895866
ITA,Selling Daily ATM Call,0.0024398671232499503,0.021953695739286738,0.05098720267061818,0.09155965218315876,0.054778097908493084,-0.038527288699721884,6.758544970066191,7.200385054375058,3.469252113752754,0.6831178863422254,-0.21645443590121324
ITA,Selling Daily ATM Put,0.0029947661746640986,-0.006204998302130171,-0.0224251043459619,-0.05365258697120023,-0.05200964460111468,-0.003992417920541169,-1.7660815413570996,-3.251371432290615,-1.8611036893248525,-0.46549626611518075,0.053120739701353475
ITA,Selling Daily Strangle,0.005493785783914351,0.01350518382325383,0.016916116748346033,0.017987707544689258,0.010876983632766235,-0.031533867371247526,7.9883478305340905,5.726221837068846,0.9248854344695547,0.27386345112246036,-0.3233585408916198
ITA,Selling Daily 25d Call,0.0008120575205452507,0.011680642418519849,0.025136228273392902,0.04937339639060623,0.04001872944083096,-0.019147660570788982,7.5982560243289905,6.898896441372873,4.180024623364942,0.9822881187064254,-0.24378915070921792
ITA,Selling Daily 25d Put,0.0046817282633693225,0.0017676494084319927,-0.008123408695031586,-0.030456834456939252,-0.030314655022567583,-0.015688351355950925,0.9247214527836609,-2.3750639039907533,-1.2881071607828136,-0.4693359394378091,-0.11932714651961869
ITA,"Sell 25d Put, Buy 25d Call",0.0038696707428240718,-0.009900184014557167,-0.03272805119240818,-0.0771478875406364,-0.07207589276275383,-0.004359222612803415,-3.188016641196174,-5.17778908182517,-2.564022861109848,-0.739728527276945,0.03961376117985978
ITA,Stock,0.0010574889444336932,-0.02609427609427628,-0.06764561042216988,-0.12909296198720388,-0.09475788924628292,0.04890455804583271,-4.432515765218755,-5.620263501000786,-2.554209422889157,-0.447189632564954,0.31735781474674624
