Ticker,Strategy,1d,10d,20d,60d,ytd,1y,Sharpe_10d,Sharpe_20d,Sharpe_60d,Sharpe_ytd,Sharpe_1y
SPY,Selling Daily ATM Straddle,0.0030381799996854753,0.0034386185024519733,0.013057589403526082,0.021483311774398883,0.024449160956666383,0.16095132401371792,3.096570823765891,3.572874917003304,1.4051188559932577,1.276209639247259,2.5967923903901933
SPY,Selling Daily ATM Call,-0.003406719113447476,-0.009676095385266259,-0.03799599630342754,-0.008723066950485525,-0.010595117368469742,-0.04476315915639273,-4.876809863636509,-9.722119711493471,-0.5810314585700546,-0.5755798049487342,-0.820853980515141
SPY,Selling Daily ATM Put,0.006444899113132951,0.013125838687093827,0.05272380548597089,0.029302436455609593,0.034052505612706785,0.21165299492426337,5.196396696452606,8.598636619629161,1.247011685843991,1.15053883664515,2.4242542215981278
SPY,Selling Daily Strangle,0.0036275539697234738,0.00466172651068586,0.016231699121499243,0.015529499227777244,0.01628685286868392,0.07436287375339257,4.606323691378395,6.770293496659462,1.3128679988982286,1.0446746985094377,1.7102308483588564
SPY,Selling Daily 25d Call,-0.0009085883433688213,-0.0040219038186402045,-0.01566605269323873,-0.00031053629494659507,0.0007086527405759657,-0.003314536703041382,-4.035371943866476,-7.4616187027336025,-0.03853980374944444,0.10703947403693374,-0.12904790001031807
SPY,Selling Daily 25d Put,0.004536142313092295,0.00868302260111542,0.032306253668455076,0.015575494680491797,0.015248830020545778,0.07700902730737913,5.145436665264194,8.808607060340051,1.040700189002062,0.787586677323261,1.3899240852890804
SPY,"Sell 25d Put, Buy 25d Call",0.005444730656461116,0.012696155888215932,0.048566688759753784,0.015467566099609753,0.01404183262975911,0.07906451544266102,4.924190088704678,8.779741690755014,0.808777119569789,0.5827529576995132,1.0878537684873424
SPY,Stock,0.009949689423536245,0.02422825870079537,0.09678896282278204,0.045095615502071196,0.05482085981418128,0.3108014445700953,5.505230149911697,9.802512022827434,1.281228573942699,1.2375871011488058,2.2381741224944105
QQQ,Selling Daily ATM Straddle,0.0035821227374299713,-0.00045421182444360664,0.0049613115946562925,0.01684506091894722,0.0217766680403928,0.12615317912998325,-0.19253686058829747,1.3081204061049574,1.06064400202182,1.1098478776212597,2.013670508565539
QQQ,Selling Daily ATM Call,-0.0028230528128755372,-0.02051173697247677,-0.06175532396051475,-0.030355466870712555,-0.029736776562620415,-0.0966895223918669,-7.9625396172843725,-11.266809639096174,-1.5040471143562677,-1.1512833436704215,-1.3988779112105487
QQQ,Selling Daily ATM Put,0.00640517555030562,0.020225090331581486,0.07043644882827094,0.046540514146194756,0.05053819542933291,0.2395314427417896,5.075261678847008,9.522581015680885,1.6273329429659165,1.4119335158942845,2.209032703358531
QQQ,Selling Daily Strangle,0.0043311836526112035,0.0037253702348702955,0.012478768425577602,0.01609340578372276,0.01990201333712216,0.08216657084757895,3.073763015116191,3.691446956294217,1.1273758806123404,1.1097102198196127,1.6074034302018327
QQQ,Selling Daily 25d Call,-0.0016798774067818822,-0.009389558969590484,-0.02896957729243055,-0.010346067173176654,-0.007440456061232337,-0.027049958533617247,-5.651318271467716,-9.445879641089382,-1.1869307141669432,-0.6786568791040392,-0.8492480935977353
QQQ,Selling Daily 25d Put,0.006011061059393086,0.013167761197572458,0.042511046945708175,0.02624483324310134,0.02697308215941141,0.11056747373633513,6.697959713091167,9.472824568164532,1.4097744134044892,1.143386263969226,1.598501761080284
QQQ,"Sell 25d Put, Buy 25d Call",0.007690938466174968,0.02262630794131959,0.0732657616947281,0.03617887645442952,0.03372754958905855,0.1385708692148062,6.574944705276969,10.397236393293644,1.4449623798321447,1.0706110486077534,1.453787322574781
QQQ,Stock,0.009326299560137086,0.04257810670288986,0.14278379627252713,0.08445122941501348,0.09045480525842953,0.4111754512025021,6.6302886914152515,10.946634522685041,1.8194655019777441,1.5487800405629284,2.2050494519605914
DIA,Selling Daily ATM Straddle,-0.0014914067587941116,-0.002914358603266276,0.011535142356562389,0.015916822599848723,0.016358162413715682,0.13568947451373092,-1.4666408488381262,2.6458910897199446,0.8700960277706934,0.7459606622501276,1.2692389090995546
DIA,Selling Daily ATM Call,-0.00886168711912283,-0.01241811879958632,-0.02571751745210915,0.004177618888343337,-0.003585463758968621,-0.027914153588259105,-3.6487279854303165,-4.2703068166754905,0.2770629179672977,-0.12642669181613359,-0.4034165793835924
DIA,Selling Daily ATM Put,0.007370280360328607,0.009462397118608523,0.037857617637711005,0.010640259477094238,0.018666942243588336,0.16690055990774866,4.105838019163102,6.281672658152597,0.4940521592113819,0.6683476143100533,1.6678921131221602
DIA,Selling Daily Strangle,0.0002895817007788626,0.0025606081489861765,0.010502201334529948,0.012872856317818648,0.001341738717629104,0.0523603277378788,1.8648156888459342,4.911335721464241,1.188500034805384,0.11308471297737205,1.3770046708123531
DIA,Selling Daily 25d Call,-0.004228849451653693,-0.005088998465220929,-0.011103881311576469,0.0056187913752843155,-0.002403896843758746,-0.001335075073687908,-3.191409873221996,-3.385022353125225,0.7334419240412243,-0.2003874906612615,-0.02595708104225045
DIA,Selling Daily 25d Put,0.004518431152432667,0.007641231703474194,0.021708335229225106,0.006913300806001166,0.0033595533341763684,0.05277711481698533,4.277937178918938,5.613976566226649,0.5118936564090102,0.20714380355627673,1.102479835666723
DIA,"Sell 25d Put, Buy 25d Call",0.00874728060408625,0.012687444439268836,0.03290120238321692,0.0007377034167355134,0.0050046948969602045,0.05212745357512083,4.1201420801536015,4.792133151203062,0.07814674235104498,0.22597717331457778,0.7428347217177255
DIA,Stock,0.016330038676407366,0.023134605084256465,0.06742176753782614,0.012682747792752691,0.031228587446273215,0.2412216029790315,4.264041122905833,5.916796529050073,0.4167394808857733,0.7219430894184827,1.78848720740222
IWM,Selling Daily ATM Straddle,-0.0009673119507899175,0.003138242019229631,0.017796795779160268,0.011045847835832179,0.01683939058843853,0.13498562956187032,1.0176990970487554,3.4569273514198757,0.547577548343042,0.6722525142760692,1.5836381249440603
IWM,Selling Daily ATM Call,-0.011258642723285806,-0.012736272712110863,-0.04358290705336609,-0.02252473372745134,-0.0454195398842161,-0.10620379828840687,-3.3659739375704776,-6.676419064273557,-0.9160618711541281,-1.492626852738817,-1.1763702273529175
IWM,Selling Daily ATM Put,0.010291330772495888,0.015800657108662852,0.06354340991741703,0.03190539897641553,0.062216666937874976,0.25997439276571677,3.702234373860177,8.067982278134354,1.0340509950794086,1.5711917433232283,2.035321932233583
IWM,Selling Daily Strangle,-0.0023743274223732014,0.0005680231416345105,0.016559179464286533,0.013783432812481067,0.01292247400777824,0.058832348263908374,0.5232172854411782,6.512128910964149,0.9821242820954218,0.759547529992687,1.215034945385413
IWM,Selling Daily 25d Call,-0.004392912929883863,-0.005129328065263561,-0.01664464785446218,-0.0038682111955877785,-0.014475949051982684,-0.041573693420168145,-2.8148274046786046,-4.7859985032767165,-0.3495915197023569,-1.0629512705727735,-0.889318833297002
IWM,Selling Daily 25d Put,0.002018585507510773,0.0056666385015458065,0.03358899063608689,0.017088477997143636,0.027026635976878932,0.10218656285834782,3.3066382119685276,7.773274089240174,0.8913262634824403,1.1154383167386372,1.44452118229664
IWM,"Sell 25d Put, Buy 25d Call",0.006411498437394636,0.010713645476279066,0.05073815105925239,0.019947698534296565,0.04074846715655456,0.14483907753350822,3.2165746597442264,6.762890708323348,0.7543536458369322,1.1713057082160172,1.3125703494251144
IWM,Stock,0.021648044692737622,0.029709205408409156,0.11384035903189571,0.059700354542335576,0.11931223322863849,0.44190268700072655,4.038130178693932,8.141620042881035,1.2140304119437189,1.8154684883250487,1.9869382062926482
EFA,Selling Daily ATM Straddle,-0.0035637309348817148,0.010474972335666521,0.009677936353635452,-0.021177584653369608,-0.03349369091060295,0.19907034574979976,3.031169762682258,1.447391334008659,-0.5213331949320558,-0.7124642525354477,1.1347916655352401
EFA,Selling Daily ATM Call,-0.013691200728564556,0.008862869912683813,-0.01323749269706087,-0.013452091889396778,-0.04005024872391616,-0.00441752603992307,2.503528394796656,-1.4691404847218115,-0.4756947924722946,-1.273462461454332,0.006358045289143959
EFA,Selling Daily ATM Put,0.010127469793682842,0.0013025825028467608,0.022553468448200942,-0.009269415738513032,0.005186110692236845,0.20706268199381883,0.3159133617201026,2.603041763701859,-0.1792918297664349,0.1845100936263306,1.5778657301502077
EFA,Selling Daily Strangle,0.0001562548487046289,0.002065026462950259,0.012505346020782238,-0.018824326952473158,-0.019890234967332554,0.004308854426230191,0.9991434000695695,3.292845560968168,-0.6535684700881811,-0.5881832691256923,0.09686028405389634
EFA,Selling Daily 25d Call,-0.006664645799305258,0.003954695836710487,-0.002892986485898641,-0.011462026051225815,-0.022433861847473202,-0.011474773520591008,2.405505467381444,-0.6586730064581333,-0.5569502958940333,-0.9619863979854646,-0.19514751067869876
EFA,Selling Daily 25d Put,0.006820900648009776,-0.0019556418765098726,0.015225312841163685,-0.007644570845121379,0.0023472603532372904,0.015219482504532422,-0.6533162226731716,2.708697675101104,-0.3211425829341536,0.1315924565906914,0.28376521073629085
EFA,"Sell 25d Put, Buy 25d Call",0.013485546447315144,-0.006022915204603518,0.017736967898494882,0.0021183880444248793,0.023456329869658177,0.023462901274082126,-1.4053437151850103,1.9596108851161314,0.13237767883777815,0.6925399796366316,0.30775835841358357
EFA,Stock,0.023916741719203216,-0.00669837879817492,0.0376229591319337,0.008575653031048791,0.05441055234954506,0.25054998777804927,-0.7488882571851623,2.390736707499286,0.2714983843912528,0.9328449371059557,1.6123737772400537
VGK,Selling Daily ATM Straddle,-0.004953759230610144,-0.0004785940917508835,-0.003924876582799053,0.023891890940960447,-0.023963294102823718,0.20351984016679703,0.0323395598503218,-0.2536897426825589,0.5941872464539304,-0.31323809185454793,1.0217194335229494
VGK,Selling Daily ATM Call,-0.014173204599396971,0.005357752938725424,-0.028802779667279843,0.013546846790155387,-0.021016478157201535,-0.00761383026228879,1.2548775585682612,-3.0923751870923586,0.4853092192205865,-0.4924411443525466,-0.0077841629182700735
VGK,Selling Daily ATM Put,0.009219445368786827,-0.0058277521275350574,0.02517673703729484,0.009838359197233082,-0.003126139499791236,0.2193948906731502,-0.7753137354676529,2.2992771601402184,0.33944768806460435,0.006308692291549069,1.571534801193686
VGK,Selling Daily Strangle,-0.0017613876692813557,-0.0022744345760323803,0.01653517372857971,-0.006516151625780564,-0.01811695660903656,-0.040815024384837195,-1.4756993029313603,4.329537104384187,-0.2980227665431615,-0.7441975039100428,-0.36007128303722064
VGK,Selling Daily 25d Call,-0.006882921541689013,0.0009290486466504433,-0.0072864355179438345,0.0011002813863552063,-0.007217980054477824,-0.024489553152972188,0.5217491308163843,-2.2905316184892306,0.11088263017014927,-0.43838393262875736,-0.3619266746190773
VGK,Selling Daily 25d Put,0.0051215338724075465,-0.003280583094464662,0.023851750819039008,-0.008128605844407333,-0.011559356283879607,-0.017710821926770093,-1.321152043851974,4.596357489940957,-0.33823241141913046,-0.4085676829159063,-0.15077237508889363
VGK,"Sell 25d Put, Buy 25d Call",0.01200445541409656,-0.004363102700802424,0.03109568413985686,-0.010443397645394703,-0.005743296614367899,0.0017887423520928092,-1.032933373705986,4.038506192319563,-0.2921605866764564,-0.10357505543267793,0.0772900801790047
VGK,Stock,0.02349072116513984,-0.010110189708054218,0.05713939099842302,0.0005741187277525928,0.024694261523989125,0.2684133915574973,-1.138032577910069,3.454207445910899,0.1162084095509181,0.5012866441029618,1.7630791193218112
INDA,Selling Daily ATM Straddle,-0.00028753795026670304,0.008426654542232681,0.01654994594301784,0.006518715628266225,-0.00020584941613077667,0.06484430124924567,3.0339562211756887,2.763406406454396,0.2852129381358237,0.05043348378134411,0.8382444293701427
INDA,Selling Daily ATM Call,-0.0040718902194047946,0.010299137884538734,-0.01952563554993869,0.041545199237757124,0.0477371473561683,0.08718242134715437,2.578007274897463,-2.204091279245256,1.590841630205456,1.4134367164056219,1.075982870989755
INDA,Selling Daily ATM Put,0.0037843522691380915,-0.0021441769992360804,0.036064203020211405,-0.03527448211641415,-0.04769479639597329,-0.024561754786078915,-0.4757143327800337,4.246587788810444,-1.1099350263190575,-1.2678268103207841,-0.23757598948201847
INDA,Selling Daily Strangle,-0.0017019319755363638,0.0030588133681552776,0.015294234482353453,-0.0010158791826152536,-0.008117997878985261,0.045906804073137186,2.375825319061346,5.3920439696452025,-0.05001376187455617,-0.4255735562840245,1.0525238677787254
INDA,Selling Daily 25d Call,-0.0001769041408017369,0.0062845070116299695,-0.0036374526324798317,0.02195198109746821,0.0253583359296079,0.054114420402773256,3.4639856066635386,-0.7487704956330876,1.8674945750561862,1.520281545319318,1.388716870885475
INDA,Selling Daily 25d Put,-0.0015250278347346269,-0.003272830609767796,0.01879936610779742,-0.022989370532523368,-0.03329450394336264,-0.00898340769866679,-1.590427547515053,4.371089300763569,-1.3431120853625813,-1.5499227508012157,-0.14383328051541647
INDA,"Sell 25d Put, Buy 25d Call",-0.00134812369393289,-0.00964250339463224,0.022050624722270262,-0.045032297993550796,-0.05866929934952425,-0.06239896705162784,-2.624032040479916,2.6087002092339486,-1.72079794432656,-1.7258956533188992,-0.7479622910307175
INDA,Stock,0.007954313685498704,-0.011599999999999722,0.05801755512738227,-0.07017873941674446,-0.08616863905325345,-0.07626168224298979,-1.4387739515473186,3.6055751032186687,-1.3670176494558968,-1.3634993483003564,-0.45417228484366723
FXI,Selling Daily ATM Straddle,-0.0016206378451416592,0.011726325911579405,0.02755004990522658,0.04664545408683085,0.04887461311868435,0.2510406912892513,6.307193238669564,3.600121172127382,1.809636886963202,1.4648519995135105,1.8623721747866495
FXI,Selling Daily ATM Call,-0.006952807815011952,0.012217585153071697,-0.002630315210415901,0.05129802498097358,0.06749466259174652,0.067771944012889,3.8974732244808403,-0.2762856544528121,2.327669627932297,2.077635465022102,0.6535463215756391
FXI,Selling Daily ATM Put,0.005332169969870293,-0.0006922423009918521,0.029988760871082487,-0.005964514798663556,-0.01965485996656835,0.16470140693873403,-0.1632823360422796,4.97572163258626,-0.13191454136030145,-0.4427262556345843,1.2930373356427889
FXI,Selling Daily Strangle,0.0030383073374715686,0.01105492392400409,0.024216531105520467,0.0376025308406962,0.03199967351506583,0.10449030602650189,9.739442551545856,7.612683880301193,2.154674316850557,1.5186075116698858,1.5924584666032489
FXI,Selling Daily 25d Call,0.00018798431398336923,0.008576023928382748,0.002830351550065391,0.03155114050280594,0.0330026589253718,0.0478702313893975,5.559488899001505,0.899996372129334,1.9357589310386187,1.5547519551349205,0.7865582144702292
FXI,Selling Daily 25d Put,0.0028503230234884214,0.0024221344819086443,0.021214894655231964,0.005409980252804036,-0.0016430189197670364,0.05184872478075264,1.6377833463798537,4.931188046839489,0.368768131336945,-0.047114505071818524,0.7966645291401451
FXI,"Sell 25d Put, Buy 25d Call",0.002662338709505052,-0.006197975028949476,0.018096673791827333,-0.02687813805884931,-0.03555563754127922,-0.0021209775939861064,-2.1751572853677685,2.649375490455785,-0.9399143313849031,-0.9382041211610529,0.03664572922898985
FXI,Stock,0.012383048981838174,-0.011818426000537174,0.034589426321709915,-0.049845041322314265,-0.0760924158714219,0.1138359067514374,-1.8141255903923321,2.9069179986291935,-1.0015070004069058,-1.1449722534458382,0.6429270030689448
EWJ,Selling Daily ATM Straddle,0.004734244205625959,0.00857788648750768,0.027437628663446567,-0.0005057451344799846,-0.016520443873673907,0.4010516201273773,2.618066645553122,3.2100067747654992,0.0613988737600903,-0.30913307544373864,1.5235424392423014
EWJ,Selling Daily ATM Call,-0.010773566984804916,0.0061357324539821345,-0.001613765055174854,-0.015166291446292224,-0.05302690204250493,0.03579103853658694,1.4120892902109206,-0.06740600145808001,-0.36811284063161753,-1.1979697254086776,0.3095027692840576
EWJ,Selling Daily ATM Put,0.015507811190430987,0.0020705568924901385,0.02822140316749544,0.011826144550478146,0.0349786285487399,0.35884582426729916,0.49190677831657775,3.208378857187224,0.3788950690312808,0.7896447468016128,1.9948216163449992
EWJ,Selling Daily Strangle,7.833608226093247e-06,0.0028762635730121833,0.008263835212897641,-0.019021563693504717,-0.025625911981148053,-0.026668148557475235,1.1632713347243269,1.2793096010538816,-0.7001728803076861,-0.8104766872346177,-0.22040603884989948
EWJ,Selling Daily 25d Call,-0.0039014618284507474,0.004834746026211922,-0.0015170792011759415,-0.017008148972604276,-0.035583235898791976,0.0015998502973444406,3.1491625164998323,-0.20124783872126534,-0.6799539749990238,-1.2462700713215857,0.057587027691213245
EWJ,Selling Daily 25d Put,0.003909295436677063,-0.0020201691468130223,0.009383451782805974,-0.00339195556826688,0.008862881013861568,-0.030585901281006023,-0.5959883937606419,1.1530564399431529,-0.06785045147042416,0.3209115375642802,-0.25683247534072007
EWJ,"Sell 25d Put, Buy 25d Call",0.00781075726512781,-0.006948618017948438,0.010023523026729375,0.010176046171941344,0.04203576412641663,-0.03892930285047502,-1.5589179231359724,0.8234633149785092,0.32052136342115073,0.8613294831962455,-0.21290436598556606
EWJ,Stock,0.026379449372192054,-0.0034671736942176734,0.030296022201664385,0.02791878172588813,0.09553670232386513,0.3410596026490067,-0.3065647880429271,1.694077326241849,0.5573766631011513,1.2652940510758026,1.5918903709686019
EWY,Selling Daily ATM Straddle,0.019188227360393162,0.019920443216154382,0.014478733774265784,-0.01820132184013179,-0.04514494686012094,0.09374304829135682,2.116862980528588,1.1003517178143536,-0.051752265076036454,-0.30787576743051953,0.5198757921210102
EWY,Selling Daily ATM Call,-0.01244050881433656,-0.03487310015353984,-0.11357462994167966,-0.14537227931564334,-0.21714981243859943,-0.41230058303668393,-3.625614665402881,-5.510291730119234,-2.2538332963096983,-2.853078486349486,-2.4906076519883587
EWY,Selling Daily ATM Put,0.03162873617472983,0.05482212593757674,0.13839186124536607,0.13218498649473864,0.20069689071885288,0.8138075699520511,4.435209598253242,5.925228958235608,1.4856962137686247,1.8035547613063638,2.6841778595835804
EWY,Selling Daily Strangle,-0.0004468762012979077,0.005077932556580844,0.01795391098289678,0.017146607807442926,-0.00264713648201087,0.00924705336112508,2.1999857349767784,3.2826349040754055,0.50299355102547,0.028731152139902308,0.13904013249370478
EWY,Selling Daily 25d Call,-0.00611086179860354,-0.01642850383944261,-0.04876837329172934,-0.047654514173643525,-0.09793787812774923,-0.21385906388003106,-3.6825785666823045,-5.088459741870829,-1.5735821924014923,-2.432459190269604,-2.180522384223278
EWY,Selling Daily 25d Put,0.005663985597305521,0.02146605377676858,0.06882797826269993,0.06497397942753858,0.10208941760802182,0.2752098853642686,5.182211711326645,6.2974879207860655,1.4631253375465465,1.907104275527051,2.1323188720253907
EWY,"Sell 25d Put, Buy 25d Call",0.011774847395909172,0.03763409525292549,0.12087441759297368,0.11092846766101627,0.2111884951296934,0.592341123442127,4.576305136230379,5.933073447391328,1.7287029567544874,2.5066984160989323,2.483144543494434
EWY,Stock,0.04416731618602232,0.09012002441174416,0.2736491839645063,0.29311454311454255,0.49391320509246195,1.998694273456445,4.591526890408359,6.115454923811324,2.0960824386475045,2.6346060379773175,3.091375270195185
EWZ,Selling Daily ATM Straddle,0.0041648443993480555,0.010362660917475619,0.04988710186595857,0.027752565871123958,-0.007585875524021457,0.3897425271029149,2.496225468083477,6.302092460479077,0.8491716962543822,-0.07543673421074323,1.2895448624007089
EWZ,Selling Daily ATM Call,-0.011451983340269978,0.027491426102415728,0.007580866141107423,-0.010311504358419432,-0.10579916744449447,-0.04475496224906139,7.778438503878029,0.9201567090440151,-0.21166383295936456,-2.1749527873890817,-0.15701076051320614
EWZ,Selling Daily ATM Put,0.015616827739617811,-0.017029585289441096,0.0412226879824793,0.03408496086971291,0.10403764314727182,0.4627013233671169,-2.9003224040379263,3.9165879127235033,0.8467395043459378,1.8033042825707566,2.076489147615605
EWZ,Selling Daily Strangle,0.0038066117832731283,0.007913800608150279,0.028198512482044524,0.031262188866908236,0.017785923498157663,-0.07780527709883889,4.713818014424441,6.209020403942048,1.539019756776576,0.6790150335488078,-0.3331745582712233
EWZ,Selling Daily 25d Call,-0.003451719827685773,0.01495425348565016,0.005607966846105761,0.009125518234333052,-0.0374282071630373,-0.021972629710368174,12.534075350957801,1.4805291958594766,0.6728793695739843,-1.6687602931081036,-0.2117684949406424
EWZ,Selling Daily 25d Put,0.007258331610958901,-0.0070088168336192025,0.022281162402064902,0.020985948627824103,0.05608922153811857,-0.059145127604346426,-2.6472093475960534,3.680727561920455,0.8533468775898022,1.7509210843969,-0.24672217946393976
EWZ,"Sell 25d Put, Buy 25d Call",0.010710051438644674,-0.02176348067079026,0.016218237374358235,0.009984610369242919,0.09414147463605915,-0.04735134563463028,-5.876709705371962,1.8272959942273712,0.34816032549314163,1.953074565644854,-0.12321012754905872
EWZ,Stock,0.027166882276843607,-0.04268145647455979,0.03466249674224686,0.0436382754994733,0.2329192546583838,0.547758284600385,-4.961547190952735,2.038091649431184,0.736024990494815,2.3422393540812796,1.9191215221089604
EEM,Selling Daily ATM Straddle,-0.028457930588328684,-0.03718262861365185,-0.012725981833336508,-0.05496977625520616,-0.0696601721798602,0.1043576091747036,-4.6406039994052435,-0.8506235566450021,-1.780403468529012,-1.8800611043619289,0.6416202582587992
EEM,Selling Daily ATM Call,-0.024548409517029635,-0.030547062811858594,-0.060952541383603176,-0.06402550190165857,-0.09719376140314995,-0.13115752455651775,-5.318023130663057,-4.575777296061069,-1.7973125879853715,-2.2817466030052844,-1.1253272884301402
EEM,Selling Daily ATM Put,-0.003909521071299049,-0.007012893830413036,0.05038061856857934,0.005657128706299197,0.0259787671619236,0.2702077324366996,-0.9389304792431041,4.313783703320003,0.224080498199723,0.6074894316580792,1.7919006941273614
EEM,Selling Daily Strangle,0.008103831454486121,0.002053317343704286,0.014515703661062584,-0.014881709065807658,-0.021899592294602366,0.021759496039026605,1.017604945026437,3.2855675886936275,-0.6765430791656097,-0.8580591097934228,0.38027470574548766
EEM,Selling Daily 25d Call,0.00022095732463189854,-0.0030204317265675185,-0.01441746910609698,-0.01775825554833388,-0.03585831167787257,-0.05280965891826839,-1.5129503563609166,-2.314848167932065,-1.0772371059381984,-1.7591560346495967,-1.0743443204017304
EEM,Selling Daily 25d Put,0.007882874129854223,0.004978756602446843,0.028865806855313814,0.001880425490941473,0.013292378525689319,0.07651871773503349,1.6123671245419573,3.794949352259936,0.12610500848434772,0.4760878588792124,1.0392237929899328
EEM,"Sell 25d Put, Buy 25d Call",0.007661916805222546,0.00782352671690556,0.042941499280145345,0.01783618477334259,0.048402648554541905,0.13145192200857325,1.6677975535493992,3.2871960793185098,0.5439083539868118,1.0976250081514447,1.1868775725767768
EEM,Stock,0.020736959642686292,0.024659727782225582,0.11811986720251633,0.07365771812080513,0.1378022759601707,0.497542710039784,2.578468485483958,5.437914823613008,1.1720118563135542,1.6694740217072916,2.271054762619196
EWW,Selling Daily ATM Straddle,0.013017071844627415,0.0062539472560603215,0.03182580579834626,0.002917308396862772,-0.029334502027262177,0.22900854726041597,1.0509970517954919,3.0021209390730808,0.15619645372668992,-0.3517036715457402,0.9256981068353657
EWW,Selling Daily ATM Call,-0.0003389802033462175,0.020240225453695526,0.01577172413837058,0.015068377705385716,-0.058655118634505676,-0.06006450280561337,6.195318277732366,1.834725867144635,0.5055498602151309,-1.0549516462677913,-0.3258902324165625
EWW,Selling Daily ATM Put,0.013356052047973632,-0.013875979200842825,0.015262594194814572,-0.015164673286119035,0.02810463979431943,0.31447568491147204,-2.0730729747019927,1.4114522813246067,-0.23789518311008526,0.5727821787988914,1.6000054531333305
EWW,Selling Daily Strangle,0.0034585900062487074,0.013278192418168633,0.0191877510454328,0.0004604915752286498,-0.013696097628562831,0.008806080486853052,5.548271181595449,3.3195407621933537,0.06979957795016245,-0.42447700327423155,0.1345380513657656
EWW,Selling Daily 25d Call,0.00203773294567533,0.01978003415884877,0.0113488370101964,0.016395843575805813,-0.0176324271877486,-0.017636128036083387,17.454789504957358,1.9826275844015284,1.031071991900112,-0.7910943445554258,-0.208613774184149
EWW,Selling Daily 25d Put,0.0014208570605735993,-0.006386567608945848,0.007581470348829278,-0.01667293962682892,0.0027232788231141836,0.02401766523391835,-3.0672337010381816,1.446394566484584,-0.5240692754643762,0.13321178215925433,0.26542076079194343
EWW,"Sell 25d Put, Buy 25d Call",-0.0006168758851017309,-0.025735227845827158,-0.004294422907322515,-0.03457141376679007,0.01793140926307424,0.03400659946409346,-11.17787580856844,-0.39540245486941955,-0.8024622575377579,0.43554562447437256,0.29402933774070955
EWW,Stock,0.013793103448275668,-0.03252752816099258,0.0009165902841425932,-0.029456576942610613,0.09137635636779007,0.42878504672897466,-3.997120969653947,0.1550749565687422,-0.28573759364923756,1.1204450583246086,1.7778677077985112
IEF,Selling Daily ATM Straddle,0.0032508130588218,0.0032673867150143643,0.005712446227745138,0.019194796215345145,0.02726859051031716,0.27129738639609746,2.1891936611760565,1.906059398183176,1.6731912299700151,1.484933271971975,1.537693374286505
IEF,Selling Daily ATM Call,0.0007250750392813199,0.0045806449861274245,0.0045833536040602585,0.013438278926769076,0.020259883933847034,0.13747217073522533,7.116865947906653,2.6311344293284784,1.640921562608659,1.695016656410421,1.5784716773464833
IEF,Selling Daily ATM Put,0.002525738019540702,-0.0013171564987974893,0.0011161488833948408,0.005646562954678691,0.006939630323304025,0.1246202568769168,-0.7894427424614329,0.4263318316481421,0.6403926947632901,0.5771998533098106,1.3750811576091297
IEF,Selling Daily Strangle,-0.00012844756248719946,0.0001823680615089529,0.004888466343305975,0.003422939656383628,0.004132621718347496,-0.07302699134703494,0.3708930331676717,5.030122093180707,0.6116834600210286,0.5872482476089416,-0.9614298099150932
IEF,Selling Daily 25d Call,-0.00037789846152813666,0.0018337497875702269,0.003625503771552019,0.008151381060919505,0.012688188871768702,0.05667731411197097,5.189863773145812,4.92677633265028,2.750616897674065,3.246242017894254,1.996475698728489
IEF,Selling Daily 25d Put,0.0002494508990409372,-0.0016503932417223366,0.001253298767316391,-0.004705560323604474,-0.00846894214269911,-0.1227328152126893,-3.130239669568748,1.1090223013531584,-0.837790464836573,-1.2079224464033755,-1.8356732779208302
IEF,"Sell 25d Put, Buy 25d Call",0.0006273493605690739,-0.0034829517295051904,-0.0023758246965724927,-0.012804977913822402,-0.02095984587558808,-0.17042655517162708,-4.6738686537469745,-1.4318614889350578,-1.87074312325591,-2.408626010257949,-2.46126255171836
IEF,Stock,0.0018987341772152,-0.004506865108479419,-0.0006313131313134823,0.00042131872761763667,-0.001996427445624116,0.027032871972319406,-2.277731622137946,-0.16478301978157292,0.059286120144467463,-0.10120418443109311,0.5673025790157028
TLT,Selling Daily ATM Straddle,0.003800039527517729,0.0035037483659052793,0.018095579393889505,0.025829561330671602,0.0454048480590683,0.39046185004538225,2.020761433630824,6.359047594083172,1.8861715277363256,2.145677549780086,1.7372669545820782
TLT,Selling Daily ATM Call,0.002415799819646347,0.006236547027010264,0.014105370440594012,0.019459711149165893,0.030247616475992167,0.2041591686992672,3.899158355256985,4.941495002510215,1.7194562308104835,1.9331754389326132,1.7546616227396903
TLT,Selling Daily ATM Put,0.001384239707871382,-0.002752423551685146,0.003868313742154905,0.005841931842264225,0.014303725588520333,0.16367152936159401,-1.4391167951195913,1.1637304498919825,0.3973802396373614,0.693059866009597,1.3683522503403267
TLT,Selling Daily Strangle,0.002008767483903773,0.004720758201072872,0.01088286802404892,0.00901214268319972,0.008189799534897624,0.05577185134891827,8.838923565137247,5.49512661855856,1.1032475575579508,0.7229430955334256,1.4283428164730958
TLT,Selling Daily 25d Call,0.0008214579066183614,0.004588950662581359,0.008794558176667078,0.01261043169194842,0.016556963970495442,0.09304134201608871,10.965230523500201,8.49701283921557,2.02110279842407,2.0753197804096475,2.4532111291202425
TLT,Selling Daily 25d Put,0.0011873095772854114,0.00012564928547909027,0.0020602571901795486,-0.003686137381430532,-0.008387949378721782,-0.034687928923567535,0.17036261170451117,0.9696052502249738,-0.3624906825078002,-0.6217884124286663,-0.9442675118333249
TLT,"Sell 25d Put, Buy 25d Call",0.00036585167066705004,-0.004454481172860403,-0.006701816077234857,-0.016385442530006067,-0.024886261354965966,-0.11860330972977773,-3.9407820042565542,-2.441001915149074,-1.1506425487663867,-1.3439263004406736,-1.9960029845678589
TLT,Stock,-0.0009334889148191472,-0.007649513212795722,-0.007419429631346897,-0.005921281783351162,-0.005228302544441621,0.000350508236943714,-2.5043282554788378,-1.3063241178962133,-0.19576398577671675,-0.11998667110047358,0.05361271645877132
LQD,Selling Daily ATM Straddle,0.0011943737817463607,0.00045140417612143935,0.006711645776833253,0.01603844836852586,0.027701206609515028,0.29749920907823246,0.39566865977461196,2.565792346674952,1.268779279532747,1.3036702771708828,1.5675249511380194
LQD,Selling Daily ATM Call,9.439686624790333e-05,0.00355661932443585,0.0038601856739068907,0.014025885697708462,0.019829973108842047,0.1337342742540375,3.6245827911273234,1.8303077864216448,1.6136331807616868,1.6031678339193058,1.357635535296323
LQD,Selling Daily ATM Put,0.0010999769154982353,-0.0031113320437828884,0.0028142365031329497,0.0019185269147086181,0.007805527088244446,0.15249581819442048,-2.2799469721033865,1.089865348263716,0.19764171153278387,0.5127289454696222,1.6506406060724776
LQD,Selling Daily Strangle,0.00018993795267863156,-3.16240176612137e-06,0.006405773140301552,0.005431114037148799,0.005747806397579325,-0.06295037728828268,-9.028723505441784e-05,5.377474376749063,0.9945724531982433,0.7712057521770763,-0.7896240514596161
LQD,Selling Daily 25d Call,-0.0001541636768149779,0.001991808061728939,0.003777508835880905,0.008574949290635292,0.012769865759360233,0.05992147465394826,6.256949205186771,5.101082931845237,2.57010262025843,2.65307246066921,1.7401769222037742
LQD,Selling Daily 25d Put,0.0003441016294933874,-0.0019926819986155753,0.002613089349228437,-0.003160132052173803,-0.006985188019463129,-0.11603443238221811,-3.720113905277771,1.937440233476371,-0.48782078077152197,-0.8433557478217032,-1.6720710909919514
LQD,"Sell 25d Put, Buy 25d Call",0.0004982653063083653,-0.003980926733218038,-0.0011725451778079599,-0.011724548251870304,-0.019628321377801017,-0.1670756382994183,-5.627542993160524,-0.6309945171843548,-1.375160804286066,-1.7686939799062584,-2.216761588063041
LQD,Stock,0.0011036512462061498,-0.005300191903499729,0.001748573532118769,-0.003934846266471559,-0.0007344165978148132,0.0545436930827381,-2.571342740774516,0.4641985135954369,-0.22831337782202554,-0.010130364439575643,0.9967317255104118
HYG,Selling Daily ATM Straddle,-0.001489456058334282,0.0026160370916563647,0.005744852307340675,0.02756171437118149,0.04837065685416486,0.44466555538646535,3.3667286826929828,2.4503095120844653,1.6781890583708672,1.9344967853671113,1.4060265267825682
HYG,Selling Daily ATM Call,-0.002255657487471807,0.0017994034003929738,-0.00206530101521607,0.015168903587605476,0.0242251196544343,0.1890236821190201,2.137731995518158,-0.9683195894602776,1.8531017554908102,1.927238862955467,1.2414498388314366
HYG,Selling Daily ATM Put,0.0007662014291374142,0.0008057902644011961,0.007809829877054586,0.01232859684058174,0.02389179782552553,0.24089043308796954,0.9519790356192052,4.066780857723804,1.0257696483130816,1.472979259898546,1.5487011006590674
HYG,Selling Daily Strangle,7.215574669094948e-05,0.00046703802262748617,0.001980624147139398,-0.0001332115615159113,0.0028592338007649154,0.01767745007955912,0.9503435183944748,0.5512727829873031,0.005073763794367286,0.2637629227506793,0.31394009438044407
HYG,Selling Daily 25d Call,-0.0009495659933259626,0.0002263243091695788,-0.000728808724553387,0.004766361456757684,0.007220919208368537,0.0404307511011599,0.7142280567015904,-0.8115442180611393,1.1804356172735881,1.2171238924881036,0.8196396793575137
HYG,Selling Daily 25d Put,0.001021721740017023,0.00023755500658872997,0.002697418317089806,-0.004904957026594103,-0.004365818267113242,-0.021774938803811428,0.37515894895675794,0.7078624370352765,-0.515371619053345,-0.3787535323976241,-0.6316311082417966
HYG,"Sell 25d Put, Buy 25d Call",0.0019712877333428747,5.8211009301700756e-06,0.003405094006683873,-0.009721751344831442,-0.011647304520961188,-0.06204113899058794,0.01663330737273428,0.8142515763321597,-0.889325452544481,-0.8510841776197053,-1.062078289685901
HYG,Stock,0.0031199301135653723,0.0003733665214689097,0.01272521103691604,0.005504128096072591,0.011069182389937593,0.08387270765911525,0.2646256996324196,3.8660345471373487,0.45669299877170894,0.7521308814268794,2.0990075161873754
USO,Selling Daily ATM Straddle,0.013574752344301055,-0.01957035219232961,0.019560057363420924,-0.06799288324988395,-0.11686607217277489,-0.011602638015109523,-1.2011614814698588,0.8382627439838752,-0.548889162835627,-0.8970634303096874,0.07339409498734216
USO,Selling Daily ATM Call,0.018587059052046495,-0.0918061767315761,-0.09003815196495124,-0.3296566817348294,-0.3865319393026184,-0.38215013266102793,-4.655629742268787,-1.9445838900858998,-3.1651887735784454,-3.1891071380396063,-1.4734093865875566
USO,Selling Daily ATM Put,-0.005012306707745551,0.07486850442940463,0.1099433207371665,0.36373409661782796,0.40946316877096955,0.5500563197691302,6.268548945250871,4.759507422142196,5.442897337947402,4.91782207944465,2.613090926940501
USO,Selling Daily Strangle,0.012840100091625839,-0.00791628462823668,0.02077024768461322,-0.027043649476071963,-0.062322167762486336,0.014089091410423027,-0.4186711055740977,1.0526077564787033,-0.3559172570950699,-0.8230370281545154,0.1694096488510442
USO,Selling Daily 25d Call,0.005935938792050566,-0.045862609507065,-0.044389366362137084,-0.18459208773824576,-0.2338070163024618,-0.23836710474075262,-3.7460876170032775,-1.8547068512828597,-2.9822221092219476,-3.2163215275163917,-1.5250870434444546
USO,Selling Daily 25d Put,0.006904161299575495,0.03931268888404649,0.06664708225666827,0.1867730258877418,0.21635256364073618,0.3190246858232715,4.80023166318722,4.66971985307142,4.748899178978369,4.515724820490365,2.735485413588648
USO,"Sell 25d Put, Buy 25d Call",0.0009682225075249296,0.08498920571584634,0.10760989995390324,0.4217585909596562,0.5465752400206094,0.6673991955086493,5.516418720685573,3.5390487027112028,4.151134288044221,4.194152890510746,2.259792680064585
USO,Stock,-0.023501294562836006,0.16886522568340712,0.1853493432186315,0.8986704530786112,1.1329756380510458,1.3141913152926423,5.750614941023313,3.1341070203097963,4.379638899348551,4.215705473047493,2.198981887462212
XOM,Selling Daily ATM Straddle,0.0017917689578796914,0.0007314173548300662,0.01138493162439036,-0.005723493259194412,-0.046507168759158724,0.205263194013257,0.20064142452029188,1.4562861777368552,-0.21593431198829685,-1.1217545334001149,1.145569136375909
XOM,Selling Daily ATM Call,0.0020440343206451494,-0.007588292210424563,0.025503240595339705,-0.04410963122272327,-0.13686243736953052,-0.10433364765452147,-1.0924291541567455,2.075783160768194,-1.0940100644628301,-2.5048659801918953,-0.6733460598028768
XOM,Selling Daily ATM Put,-0.0002522653627655691,0.007863867814102754,-0.0151460405302416,0.035501656161081474,0.09823467674008235,0.3381097873993517,1.5182923637901042,-1.2336681640858294,1.0954739335924337,2.1253557685007047,2.1205855473046213
XOM,Selling Daily Strangle,0.00647334017092982,0.006454308734635594,0.010499821056804137,0.0024576552892594528,-0.02546095170689,0.036664758944597864,2.510393081682857,2.468460730529829,0.2221009578121476,-1.2255008360266355,0.6435112676804059
XOM,Selling Daily 25d Call,0.0001221203733490217,0.00014538149421206015,0.012361905087357794,-0.02435902314972971,-0.07571310354629823,-0.0555489669415008,0.08489262538736848,2.1903002325254333,-1.2344592107067196,-2.6746953358686762,-0.7993000805154011
XOM,Selling Daily 25d Put,0.006351219797580576,0.006150557860151062,-0.0022377879714048365,0.02623637410373325,0.05262318987846992,0.09437950137530504,1.7142849158850773,-0.266954480736859,1.3961819931082848,2.0908587011155975,1.3611979776508185
XOM,"Sell 25d Put, Buy 25d Call",0.0062290994242315545,0.005685585723660402,-0.01520978468765688,0.04894374336181939,0.13396282091034384,0.1498810957234844,1.0362404591641086,-1.173246778259929,1.390412617764876,2.5913747720402998,1.1948516138447347
XOM,Stock,-0.0021982284864549007,0.015462560863271468,-0.04011692996641403,0.08089368258859686,0.2666611950098481,0.5112612612612597,1.5453383073570641,-1.641968366383375,1.2680126004568002,2.6439442900728527,1.9154403568517706
GLD,Selling Daily ATM Straddle,-0.000854170479740346,0.006545182018520945,0.03985476779637387,0.03948043346205132,-0.06613415147649249,-0.09521414095782788,2.327935996214853,6.511840722516706,1.3782239860898609,-1.4224281097157556,-0.9777963944251254
GLD,Selling Daily ATM Call,-0.00786469346880403,0.02249680177235991,0.03693458151034967,0.052358143365124565,-0.07267581404727652,-0.20063950975251776,5.127550097047463,4.426785014016768,1.556186269696579,-1.0989314955633185,-1.4694133521384536
GLD,Selling Daily ATM Put,0.007010522989063794,-0.01607336243555557,0.00211219967600651,-0.01715319605403809,-0.0028528227014241736,0.11362471041743705,-3.001592217554637,0.28364088290657896,-0.2842341231635987,0.06175244933228414,0.8246152699353371
GLD,Selling Daily Strangle,0.0021238343549465633,0.003924077839098317,0.027705365904951096,0.027543051661613305,-0.050177132289834,-0.0634033860431209,2.2696409641106405,6.816003029643429,1.4344051269745255,-1.6083129771617115,-0.9796092080370322
GLD,Selling Daily 25d Call,-0.003893573436982045,0.011554075132384156,0.02067148658473772,0.033031331690941856,-0.046322360017999165,-0.12093546145338219,5.980461216955247,4.816260162188268,1.8181429091202723,-1.3239200884237634,-1.5744712574025688
GLD,Selling Daily 25d Put,0.0060174077919288305,-0.007654507953257728,0.006713867768885162,-0.006597694215774497,-0.006300512466103081,0.061369602654918864,-2.608292542912478,1.2841349694201485,-0.2023071630061494,-0.12405712367693826,0.848621565941329
GLD,"Sell 25d Put, Buy 25d Call",0.009910981228910876,-0.019195868837705854,-0.014084963471800882,-0.04094069715607995,0.03579225685622256,0.1950506957621565,-4.140801183917208,-1.5587347596770813,-0.9534088343665198,0.6591256102774155,1.351989710971564
GLD,Stock,0.014973287654823864,-0.03731139792764915,-0.03234205838015569,-0.06742389222743184,0.06372401325700672,0.39467360173815913,-3.982501182959922,-1.8943344271974052,-0.77082615914319,0.6975239527893841,1.3638350292461485
SLV,Selling Daily ATM Straddle,0.002439256686004976,0.03007996027514226,0.0771627213604491,0.12433325996078493,-0.07198280154290526,-0.20547522346408087,4.049965974225948,4.942202750202536,2.0299109424404698,-0.5208262704990085,-0.8729831786129978
SLV,Selling Daily ATM Call,-0.012765882634707015,0.04728560612388932,0.0458968975600893,0.09432487317364235,-0.12385246985888443,-0.46795046472184587,5.725634910961435,2.506741459960155,1.1722707617136425,-0.6229380888618229,-1.740128040273263
SLV,Selling Daily ATM Put,0.015205139320711991,-0.018055580146072336,0.02726400564759457,0.0005812614107767455,0.0035496562118420005,0.3912046984568496,-1.490393235979254,1.619075942241322,0.19569368346278568,0.26675814248372043,1.3175930951628827
SLV,Selling Daily Strangle,0.0027571034673685713,0.017390693545893177,0.05329458234885376,0.08849470416767025,-0.06439129183533088,-0.13197509971803245,5.35530532303246,6.471905207882314,2.1699068024295602,-0.7674001243416058,-0.8233334152438084
SLV,Selling Daily 25d Call,-0.006102350079434271,0.025674221979124834,0.02768371645795864,0.07055951359434176,-0.07087906074997885,-0.2883390781343783,4.928338693565575,2.543874429861448,1.5294697609573935,-0.8057360984481344,-1.8673258439531424
SLV,Selling Daily 25d Put,0.008859453546802953,-0.008681106100389968,0.023944511674496516,0.010447909431767766,-0.005872395688678922,0.19945518719131172,-1.403677056012612,2.3428386468359266,0.3154561375082416,0.07015885680540102,1.2037799782772036
SLV,"Sell 25d Put, Buy 25d Call",0.014961803626237336,-0.03474777772203663,-0.0060690711395543495,-0.07088773396042347,0.035771639613594086,0.6069580677212594,-3.184820452739962,-0.18837442077450425,-0.6601112239714486,0.47285906972277975,1.7468680224969417
SLV,Stock,0.028069093152375046,-0.06428972487366647,-0.02171998825946586,-0.13383575883575916,0.013840304182509255,1.2520270270270282,-3.427577194436523,-0.46264486334957156,-0.4791455241114689,0.5214079656501415,1.7313495566331787
FCX,Selling Daily ATM Straddle,0.002563169566020873,-0.008213487815373122,0.006477303307681703,0.015138460006554944,-0.04924403407902156,-0.0015450905619742716,-0.724728831937142,0.4696146676004978,0.4045380341362903,-0.7047825900092592,0.09152993725153447
FCX,Selling Daily ATM Call,-0.006134687891829804,0.07542995140979603,0.02317326133038966,0.04251426540298664,-0.10335347256284466,-0.25565898158420797,6.0447384809206515,1.156978140910444,0.7570349936490257,-1.045557243642782,-1.1378764215725548
FCX,Selling Daily ATM Put,0.008697857457850677,-0.08251937357752825,-0.0224899855094175,-0.04153323807832432,0.03853642064962992,0.2839385616494381,-4.500078446962646,-0.6073245049743652,-0.4187091379744377,0.5491816703644976,1.0863567013193445
FCX,Selling Daily Strangle,0.0029292098238333786,-0.020173414002552237,0.00984410489825871,0.004687764299878161,-0.03012935515176185,-0.05382022037366929,-2.7086092510404898,0.9191788784825242,0.21581639177123704,-0.7078911480306995,-0.3482906723141232
FCX,Selling Daily 25d Call,-0.004539463185749493,0.03345660609390455,0.019270848544991726,0.03700020782786928,-0.04366104362605827,-0.11996319836351366,7.3447096517723685,2.391959023229116,1.3400232009392354,-0.9761033006335146,-1.090113726671915
FCX,Selling Daily 25d Put,0.00746867300958276,-0.05278695399366751,-0.010435233578129144,-0.03529285878473387,0.00855694911271554,0.06222691118162249,-5.331745807081606,-0.5488298124110262,-0.6708339533059967,0.23721137464006792,0.4422014033790864
FCX,"Sell 25d Put, Buy 25d Call",0.012008136195332142,-0.08486762661817016,-0.031119951123832812,-0.07680109426246207,0.04285480685902465,0.17765250217474793,-6.334826095419747,-1.2392950939616014,-0.9776792075054657,0.5940285347717075,0.7712847296111881
FCX,Stock,0.0149306165466363,-0.15377855887521963,-0.05387260520713888,-0.10460251046025071,0.11781775972141606,0.6221224031443024,-5.25835454343236,-0.8365180212608119,-0.5551896329388568,0.9099026499849105,1.2926706102453056
URA,Selling Daily ATM Straddle,0.011432399993400955,0.002484110803376627,0.018435916458834578,0.00022148537165422866,-0.04236159853730492,0.2848559700555431,0.3569533708948987,1.1505838190725775,0.14827093008698158,-0.3587324673843701,0.8755932217103286
URA,Selling Daily ATM Call,-0.027605912069786798,-0.013282156563361736,-0.06333991632715863,-0.019391297606388247,-0.1392208544387682,-0.304155918039839,-0.9501976667956231,-2.7042752658195175,-0.14060705471346632,-1.461882229136993,-1.0108871430734363
URA,Selling Daily ATM Put,0.03903831206318764,0.0125586832563922,0.08186561739790044,0.006954841009700896,0.09142318044736686,0.7932311805834269,0.9681675532646007,3.459399938040062,0.2515821804752695,0.9866499590525499,2.105617700243286
URA,Selling Daily Strangle,-0.009483980677387982,-0.00157357835666605,0.01476064176949543,0.03693835240102361,0.005856027573102551,-0.03232048915103791,-0.34920736158498034,1.9065951949117383,1.7675133427564567,0.22616390349011015,-0.2048899123027471
URA,Selling Daily 25d Call,-0.01764505542039907,-0.005652831050458218,-0.02371966467496278,0.01374114117846914,-0.06013753189953319,-0.15351154243372067,-0.8464800296944183,-2.444918214552591,0.5184535325680708,-1.3133119561726334,-1.0163965226426237
URA,Selling Daily 25d Put,0.008161074743010976,0.003636308666903343,0.03854587213005578,0.019209900043034578,0.06459738970547524,0.1282702995949303,0.8990709300936377,3.8026070502259306,0.6040851530597193,1.3336705043072257,0.9713814209572731
URA,"Sell 25d Put, Buy 25d Call",0.025806130163410046,0.00800773253818532,0.0617080206287679,-0.0018891837261929556,0.11984604825632661,0.28541286393984433,0.9213292975426929,3.426915476519036,0.09892822579605084,1.413212389986049,1.1000927656433481
URA,Stock,0.06674229532993015,0.020806947711236257,0.1453511977263502,0.0024875621890554367,0.2249240121580547,1.364626990779544,1.075576256312188,3.394718961782417,0.2899342550270441,1.4051895217412265,1.997601081763626
UNG,Selling Daily ATM Straddle,-0.003349805526616678,0.010747994687809292,0.05087443252151802,0.17777579397557108,-0.08245599424184846,0.01253993831685607,3.2559992477387554,7.808867152027691,2.52962436098329,-0.4662523024107947,0.18496316575813193
UNG,Selling Daily ATM Call,-0.023793354849559356,0.012677428609967789,0.06226186428939173,0.1843861221017873,-0.05053463800516267,0.1142918852814403,1.6905791925013547,4.348602550673153,2.395308508342285,-0.08111361127448055,0.48289084490446876
UNG,Selling Daily ATM Put,0.020443549322942678,-0.0030546683261737373,-0.012496500769466068,-0.011470720132227274,-0.07237162192144364,-0.16051158978350932,-0.3517285293985908,-1.01662726510934,-0.1784035147612483,-0.364446732261159,-0.3995862833208051
UNG,Selling Daily Strangle,0.004606112575123555,0.008442094135145073,0.04586529630985181,0.10943243096889121,-0.10382504383536051,-0.07154524809895713,2.171830379507638,5.986032043359709,2.4298532303247775,-1.3170148699480748,-0.32570935282567104
UNG,Selling Daily 25d Call,-0.00540020662003482,0.011099568312283203,0.049949123534305695,0.09312594781512429,-0.0732213338657064,-0.024104108886245146,3.212305339431171,6.422818273439791,1.9150539613684379,-0.6688102236915063,0.001848469516108502
UNG,Selling Daily 25d Put,0.010006319195158264,-0.002889990872673165,-0.004342709512770937,0.012909558864470094,-0.0442452707856561,-0.07015738660742221,-0.505937089784435,-0.45915990400485945,0.6091395755109356,-0.569638909908783,-0.3500412709911787
UNG,"Sell 25d Put, Buy 25d Call",0.015406525815192973,-0.014379150469964963,-0.05292411718190315,-0.084516066206346,-0.007394418609511733,-0.11272760547772587,-1.761005010994693,-3.702387725133999,-1.2850151008578545,0.16890225254492688,-0.1690909550941196
UNG,Stock,0.04433497536945796,-0.016697588126159624,-0.07180385288966706,-0.18335901386748843,-0.12106135986733002,-0.3667861409796893,-0.9861095679381993,-2.8114610332133454,-1.7663442015972912,-0.08971078011792123,-0.42302405528145776
ADM,Selling Daily ATM Straddle,-0.0076768177519964675,-0.0178513679602047,-0.0012163012318227029,0.00475549983047685,0.005450093231935682,0.20749420791559592,-5.705200536989282,-0.09005107425684127,0.23499159960824442,0.2180381580444331,1.0201137264847313
ADM,Selling Daily ATM Call,-0.005607065481640361,-0.04936475145722341,-0.016115082407587855,-0.05302528828277053,-0.10384464158459261,-0.1350385706485916,-7.917420984368051,-1.2149065578923879,-1.3814629158924772,-2.085954403710319,-0.7714559241799063
ADM,Selling Daily ATM Put,-0.0020697522703561066,0.03232785085465184,0.013774423107258071,0.056727403975508794,0.11560721215291037,0.3852662589854319,6.338847636862831,1.2326005481059936,1.649100699573675,2.517445261855739,2.0189353785279165
ADM,Selling Daily Strangle,-0.0038807352929919325,-0.005795498888374384,0.005340757939363616,0.008020127718290082,0.007089652399625779,0.06546881114292291,-4.7478991074801975,1.9088166103246567,0.7050602314889899,0.47087729864308087,0.897850436932053
ADM,Selling Daily 25d Call,-0.0033708151536899766,-0.02369607035794663,-0.004843640679969674,-0.02355959032002608,-0.05268048407190329,-0.05779016799470027,-7.852198317349865,-0.7789883368998822,-1.2421739037210546,-2.1218342855058125,-0.6769043593998044
ADM,Selling Daily 25d Put,-0.0005099201393020669,0.018129618774072265,0.009924109670760961,0.031194882885362096,0.06147616135145095,0.1265148738722539,7.216530342643881,2.0762194656861706,1.7485373227566217,2.552824378953327,1.5646520448764494
ADM,"Sell 25d Put, Buy 25d Call",0.0028608950143877987,0.042354676248777645,0.014096993122158619,0.05338968239119546,0.11656449117002943,0.18291975186829168,7.717849364653244,1.3999108931347624,1.5737663667523456,2.4643746883848086,1.2451593900170257
ADM,Stock,0.003635384408240405,0.08532323820617327,0.029984800331628758,0.11436687098220988,0.24150566289140651,0.6061193708252572,7.5715546847967,1.431872293870968,1.745189589606894,2.553453486241847,1.9018695036027515
MOS,Selling Daily ATM Straddle,0.004479179987807669,0.015979839331393464,0.049347146028345,-0.02632029144663972,-0.04682764890437563,0.1870056151410382,3.588139200767652,3.3011320123655565,-0.3841370336247996,-0.6452904488965232,0.8357192793888134
MOS,Selling Daily ATM Call,-0.0029219692838664546,0.03921846718238364,0.09301030438601754,0.05934808456830809,-0.015519879270399883,0.16154100601970067,12.2335512465314,7.732141342627691,0.921769289592645,-0.015150981902743716,0.7423389399235685
MOS,Selling Daily ATM Put,0.0074011492716743454,-0.022748237112804714,-0.04121075522465334,-0.09474218809321322,-0.04912214230506917,-0.008494384669212707,-3.7016877232027436,-2.4191138664248806,-1.358117642113421,-0.49590226371275425,0.08738109240234396
MOS,Selling Daily Strangle,0.004128968486549978,0.02419835743578358,0.046588737425073745,-0.01888005860618014,-0.031392863329054554,-0.020479251302961576,8.179679467910399,6.548938419197213,-0.5887934650570746,-0.8623621610012098,-0.13693085532568822
MOS,Selling Daily 25d Call,0.0008637554612414,0.021115807363058847,0.05616646613803655,0.02460303932866803,-0.009971286143376279,0.07297880503868259,10.035106842479948,8.37863452813858,0.6925797682537268,-0.12514045102870222,0.6515875391734307
MOS,Selling Daily 25d Put,0.0032652130253085776,0.002907968356698598,-0.00934795361869456,-0.04610764980720217,-0.026077889098329976,-0.0952257678750984,0.8042921447402632,-1.3006898746787692,-1.3593746562249025,-0.5871570692328358,-0.7522450364421226
MOS,"Sell 25d Put, Buy 25d Call",0.0024014575640673996,-0.018081242882122317,-0.06292403059172791,-0.0786449819017413,-0.028132433398524115,-0.17603625710014148,-3.310910999714035,-5.517686583572706,-1.0803416131702859,-0.2121304761699494,-0.785223405597877
MOS,Stock,0.010421189752496618,-0.05903760614638098,-0.12321024868123576,-0.17100106875668042,-0.06733466933867727,-0.1880669923237961,-6.979994334127528,-5.1955201549193974,-1.1501746832444242,-0.16792735160438596,-0.28220474320576344
GDX,Selling Daily ATM Straddle,0.01058100467499723,0.015186119236837659,0.04953289576292308,-0.009911191336327452,-0.07695479937814387,-0.0810249188273856,3.059496692675735,4.96248751807604,-0.12301669383111047,-1.0980756658033899,-0.39803349540237454
GDX,Selling Daily ATM Call,-0.006664637429367848,0.05683012051787539,0.0652666792306762,0.02966137345203368,-0.07879485691406118,-0.3227767414120951,6.2429415153429,4.376420743251931,0.6233197750780549,-0.8833831983048283,-1.6367333803691921
GDX,Selling Daily ATM Put,0.01724564210436519,-0.04159350828664066,-0.01758623628162126,-0.053920099083719975,-0.02041260700687597,0.29902681437327816,-3.68691988111993,-0.8398636956800515,-0.5183121150549759,-0.011746942187553825,1.1479354306837128
GDX,Selling Daily Strangle,0.011186080501495166,0.012735463809766978,0.03982970885666748,0.03197193151557087,0.0004120252082282505,-0.029790792208641226,2.8745648779348922,5.108082343742493,1.2931806566753306,0.0675329505402356,-0.28559239026929983
GDX,Selling Daily 25d Call,0.0029836105625273834,0.03662831404598332,0.04373282012415736,0.0518089648426967,-0.005653056499019482,-0.14337607748204373,13.153277782946482,8.603271694319785,2.2343991933950833,-0.09920644773840524,-1.3732783937079038
GDX,Selling Daily 25d Put,0.008202469938967782,-0.02333030555550808,-0.00413459930754434,-0.021629442230480023,0.0017811761783494973,0.12144152880689307,-4.205659760336664,-0.35521403654229255,-0.49219283008729536,0.1154253135593988,0.9674928305791207
GDX,"Sell 25d Put, Buy 25d Call",0.005218859376440399,-0.058399082758591736,-0.04661580557445477,-0.07454499124551395,-0.0009582883856182889,0.2810258803979999,-7.931474722815363,-3.379509543158635,-1.217562795222076,0.11689779975159151,1.2479644554843352
GDX,Stock,0.024008350730688965,-0.0959451157075566,-0.08040829080304146,-0.10109957238851541,0.029861192114778,0.8144266337854502,-4.891731884242088,-2.409820343975346,-0.5231737711555212,0.4482907777071279,1.5568630943473556
SIL,Selling Daily ATM Straddle,0.007309999589971916,0.026193212075453998,0.08356987109187375,0.05789805929107361,0.021695119683498243,0.042429455406871375,5.5243863957987065,4.74874791028931,1.0352074532148652,0.3941520673313569,0.3093130945714414
SIL,Selling Daily ATM Call,-0.008674493065582767,0.05770746652200742,0.06465689928252383,0.06404666573323237,-0.01987515440419596,-0.35783780621782624,5.660295931312444,3.3792376079623363,1.0060559510283462,-0.044181304595857,-1.5151669150402889
SIL,Selling Daily ATM Put,0.015984492655554794,-0.032216630283090186,0.015392813420806117,-0.022178232066423886,0.016141728744177852,0.5415317946624048,-2.815771881844542,0.9570489330006673,-0.1061575006439219,0.3227761225482977,1.7964651042902298
SIL,Selling Daily Strangle,0.005674550375407206,0.010174982388579057,0.04699599415210809,0.07845676631411358,0.04212823576275104,0.03652458528536284,3.160798576913692,7.596198386272868,3.6045766912927086,1.4228473592618884,0.4753765333327839
SIL,Selling Daily 25d Call,-0.0013206467956179413,0.029998547777683404,0.0371395438534905,0.06771211708940816,0.019893055726370346,-0.1625147566103876,7.817019491597251,5.670319041071976,2.4216774510234327,0.5395330221384893,-1.3912673776628681
SIL,Selling Daily 25d Put,0.006995197171025147,-0.019605079940148595,0.009003350875526062,0.006278059756621435,0.015944015071806872,0.22196491369442528,-4.061805343939969,1.0522538726785897,0.24173166115278596,0.38208807241017734,1.6099328461021873
SIL,"Sell 25d Put, Buy 25d Call",0.008315843966643088,-0.048907213587153886,-0.028166542265265493,-0.06414287598699508,-0.015014033065615773,0.41896128163468505,-6.128572782397662,-1.8920035437156901,-0.903258968984819,-0.023645805543004828,1.5915164569490536
SIL,Stock,0.02475705691809349,-0.08849557522123908,-0.05018228608192188,-0.10849436392914669,-0.010500446827525267,1.2029345933847275,-4.209839599418962,-1.360358803424527,-0.5184691145174386,0.26307984134988754,1.865448631629232
XLE,Selling Daily ATM Straddle,-0.011807179620318298,-0.004548150126490347,0.010148712521112602,0.029216959059760406,0.003303217351129595,2.090229722513901,-0.986701526040417,1.5435847186134357,1.0421182011245633,0.14453179028713958,4.899603068476504
XLE,Selling Daily ATM Call,-0.011106121211511888,-0.02830547039149911,-0.0007842842208056755,-0.058673618468008004,-0.12711105846271775,0.45345150474639917,-5.955252358159568,-0.02001804971712786,-1.9454330019970334,-3.040423195055725,2.5173646279697937
XLE,Selling Daily ATM Put,-0.0007010584088064098,0.024030609298361538,0.00999360301614205,0.09110580151562453,0.1456583258561892,1.1436193241171284,4.65865160891884,1.0372477645758378,2.948072159633783,3.497515880842033,5.680642504492041
XLE,Selling Daily Strangle,0.003782674737899283,0.006170470137925266,0.014777654753799885,0.024609270627644397,0.007823226031149266,0.8748540106775529,3.1649488731283726,3.6583743833567697,2.1904350200104687,0.5115121805445497,2.9786274444862446
XLE,Selling Daily 25d Call,-0.0015202155755589253,-0.009061390630375143,0.002724741244630513,-0.027006095461555524,-0.06673021128388845,0.3602547555404938,-3.7315312904928977,0.5935489137176106,-1.637520078451579,-2.8894731037972736,3.7581769567286787
XLE,Selling Daily 25d Put,0.005302890313458208,0.015252016635361576,0.011730861312839513,0.05219980347269715,0.07865373956769983,0.3802414483685519,5.712722805878466,1.8601553338174732,3.3458754238780735,3.8296074732914644,1.7359081253005495
XLE,"Sell 25d Put, Buy 25d Call",0.006823105889017134,0.02427043663828954,0.008409782536066945,0.07932582099613694,0.1524299886374576,0.007023856774026616,5.161107035002505,0.8548384822560275,2.6329169506516736,3.555648097086299,0.17121163856337623
XLE,Stock,0.010503133999661074,0.054259455638034915,0.01153128709513318,0.16208844730177208,0.31532524807056306,0.5021405187610186,6.0474907597327086,0.7194187641834153,2.962372695423657,3.83480865727795,2.524339143170271
XOP,Selling Daily ATM Straddle,-0.0026328664640470345,-0.016314986740484483,-0.0008385115730727977,-0.021912864764764506,-0.017491300493999384,0.21919320421232702,-2.3958925506961144,0.06949908903782627,-0.23400450919220392,-0.11180828187486506,0.9684355807179105
XOP,Selling Daily ATM Call,-0.002645970669782338,-0.038613753816446716,-0.011555340606817288,-0.1285702003435828,-0.16174953427944205,-0.1392503273630914,-4.806654681890291,-0.5794463417211889,-2.734390408358549,-2.6861030874278793,-0.8245117670076472
XOP,Selling Daily ATM Put,1.3104205735414709e-05,0.022170898055683175,0.009480231386110871,0.11979010547615943,0.16822324192031313,0.40937518906718373,2.9225904169113455,0.6555006212121196,2.409069433591023,2.6174729667493417,1.8995492252795678
XOP,Selling Daily Strangle,0.0037945932967955454,-0.006134544841909895,0.005586670716205555,0.01601647666813033,0.008461549706680671,0.10220691832459416,-2.7312903908460413,1.0970800186232308,0.9182224456612857,0.3783285840258166,1.2469215667452158
XOP,Selling Daily 25d Call,0.0024708401693900317,-0.01603642709587938,-0.005406985837561495,-0.05746876207422935,-0.08541318290032307,-0.05410625801338764,-4.496385356884945,-0.640657044347094,-2.685885985973289,-2.896917310037371,-0.6193371374898473
XOP,Selling Daily 25d Put,0.0013237531274057357,0.009816955716788422,0.010569477959053941,0.07682620233735782,0.10118029639879578,0.1616336067348878,2.822295531854928,1.6147483498776893,4.099730180910361,4.40519725441336,2.0448794882734895
XOP,"Sell 25d Put, Buy 25d Call",-0.001147087041984296,0.02570134049408712,0.014815679492683032,0.13900110284151146,0.19892574870260238,0.21565122043973362,3.862103965025043,1.160572689014829,3.718364689256975,3.946018845669757,1.494020762691102
XOP,Stock,0.002757146072473571,0.061911571922298014,0.019216471261081836,0.2800603361585987,0.3874961071317351,0.6482611912689604,4.3764649100674475,0.8418467684323134,3.421978532175921,3.4814325778197808,1.988470781304686
ITB,Selling Daily ATM Straddle,0.025345936744338493,0.005114824151204234,0.01842155636523568,0.022794617728605582,0.003394897716068046,0.08098667165041107,0.6883961024826043,1.2565341306434217,0.6419319523899795,0.14626556302052077,0.5000847116039461
ITB,Selling Daily ATM Call,0.006150665520431531,-0.012296249178340601,-0.020424796993680494,0.05241555992234748,0.009350100420012053,0.00021124121033522236,-1.7056084204062067,-1.288637952757622,1.3571577090683238,0.25626224190787034,0.08534056701763956
ITB,Selling Daily ATM Put,0.01919527122390674,0.017016001469662756,0.038232858620089516,-0.03155169255957213,-0.011534677840309038,0.06757028601921111,2.0242516633177647,2.5076625279294,-0.6943098375073375,-0.12914711067962067,0.44847011049039953
ITB,Selling Daily Strangle,-0.0020257495726656582,0.0036217453180216186,0.014483619606897369,0.026682453502806958,0.01760607778309664,0.0501336223753186,2.885571596982565,4.68359807814022,1.9720504650319473,0.9515642529270644,0.8044278126072137
ITB,Selling Daily 25d Call,-0.001048639764942072,-0.004107588317287525,-0.008475755959530984,0.03437481674030152,0.010826789625494992,0.002513274865034054,-1.1858488712858528,-1.241328130842754,2.041809293314104,0.45811155752804383,0.07196004634362209
ITB,Selling Daily 25d Put,-0.0009771098077235862,0.007561334582300239,0.02273513524648263,-0.008553014208881327,0.005123389971690262,0.04280965587574914,2.784481458467016,3.988142826107166,-0.36556838360032484,0.2361786048031185,0.5756499859728607
ITB,"Sell 25d Put, Buy 25d Call",7.152995721848576e-05,0.011257608324330093,0.03051346709215541,-0.04371203230669429,-0.009269737148285384,0.02852424124702657,1.9345765467073242,2.582657153862998,-1.182380531953282,-0.11618764446342698,0.26367796237217206
ITB,Stock,0.013142676900431027,0.029377203290246845,0.05866842452208254,-0.08132329106683289,-0.024597631339205006,0.06687333923826344,2.337237791619121,2.3347584204483343,-1.0566308578382706,-0.1024361768277515,0.36596962688088336
XLF,Selling Daily ATM Straddle,0.0027538924215668725,0.008535899520463186,0.009986077521587422,0.029141335960768178,0.03241699229252526,0.21109742986726898,2.6021953146215284,1.4729864890858388,1.0493174764340998,0.9451643303622107,1.6277465211886388
XLF,Selling Daily ATM Call,-0.0005963602554537317,0.003913512215482973,-0.020296977895862156,0.028022208088981815,0.04376160423153763,0.07185385277802414,1.648950712532175,-3.8598039189880478,1.5257154261814039,1.6885888975395755,0.9175923586965146
XLF,Selling Daily ATM Put,0.0033502526770206043,0.004592458309708336,0.03066549880397762,0.00013340694536223552,-0.012285457584461312,0.1280960835677294,1.8439669864212214,4.113752034326827,0.06847578790101182,-0.25514670356230995,1.1571217869231858
XLF,Selling Daily Strangle,0.0025476984976360306,0.007442223159255024,0.020387182678392346,0.013250083738242102,0.002820079513986551,0.06409702887246027,5.495199327525821,7.947082390840432,0.9262332623215317,0.15335736799586697,1.089018238128418
XLF,Selling Daily 25d Call,-0.00035563701850838125,0.003167557693742218,-0.003468231827872703,0.01715487354387535,0.021619124529803857,0.04357385553459192,3.3963546552754855,-1.3079604749369054,2.014868167648754,1.645412421540802,1.221462429187854
XLF,Selling Daily 25d Put,0.002903335516144523,0.004225717973829202,0.02381354792356083,-0.004251951132958842,-0.018939812259606392,0.01848451139180063,2.0831280418319804,5.382959841714301,-0.19170373442703176,-0.6470314410135722,0.30674311642989194
XLF,"Sell 25d Put, Buy 25d Call",0.003258972534652793,0.000998570392552578,0.027166781294731823,-0.021749330816338674,-0.04074282914442984,-0.026401511307758807,0.37918846133729617,3.9975315850444457,-0.8349998311178526,-1.1008184653443953,-0.2528110618086307
XLF,Stock,0.004044684129429932,0.0019219680953297402,0.05440938511326876,-0.02121667292527185,-0.046111619396157155,0.08558933777592648,0.5634587705271326,4.937285801339082,-0.4229232266454753,-0.755933014957637,0.6337698480266399
KRE,Selling Daily ATM Straddle,0.010360180619045867,0.00885563969065073,0.03326731235283087,0.04777532851733923,0.05113563540564736,0.3073975292504585,1.9582714440464013,4.190124505747906,1.252860715396765,0.9961997635452672,1.4426808601480776
KRE,Selling Daily ATM Call,-0.0007103207094116826,-0.0027965846193875876,-0.01262768149684479,0.031605246250577146,-0.011962703666056562,6.438068053493673e-05,-0.6394473770249159,-1.571598966962046,1.1032015190475923,-0.19327652537726608,0.06835836495460558
KRE,Selling Daily ATM Put,0.01107050132845755,0.0113230788415275,0.04580719121390797,0.014110586376602674,0.06125373308084492,0.30180131633911533,1.9462449428474347,4.46215029635182,0.4478224588731496,1.2694078750101976,1.6118247354199708
KRE,Selling Daily Strangle,0.002298776888139953,0.005921701821263614,0.030904916315946496,0.03990055438399831,0.03037714736827568,0.09709379549282593,3.5434355293271014,6.133600143979441,2.3863817991203216,1.372669010175922,1.0672846682404984
KRE,Selling Daily 25d Call,0.0010025730585385695,0.0009235208869702305,0.0023630078990135583,0.02437274516595367,-0.002097214666670788,0.01214050764721053,0.4420159220167643,0.6747411522333708,1.6777996478490387,-0.057863919074994635,0.20723453581612994
KRE,Selling Daily 25d Put,0.0012962038296013834,0.004903339688412611,0.028368932289242643,0.014364675512900105,0.03131846812301231,0.0809247108129767,2.049126483518825,5.179227640856902,0.7215294193107441,1.1649391546641212,0.8753885169380041
KRE,"Sell 25d Put, Buy 25d Call",0.00029363077106259183,0.00377472587291261,0.025679320337317568,-0.011430397648385604,0.030636800050228175,0.059781930704608355,0.9201025149761378,3.311263116201197,-0.29028748136159965,0.7386662129770817,0.4878986351031915
KRE,Stock,0.011878893234825272,0.014819119569954742,0.0607441154138193,-0.01383594522095244,0.07693493678692542,0.32316726652774785,1.708549241129046,3.6968874087520143,-0.13515088028723407,1.0661604027671616,1.296872692827545
XLI,Selling Daily ATM Straddle,-0.007502033142764208,-0.0031586139704563587,0.010460035323054617,-0.0050829653226166505,-0.011783532719940593,0.11668228754153809,-0.5316659462221696,1.2593090760945846,-0.021788789190116217,-0.12710858334086922,0.8338562526349811
XLI,Selling Daily ATM Call,-0.01738408536883196,-0.013702402988976292,-0.02431256123795733,-0.018309037977433773,-0.05290703255023799,-0.07679090746788597,-2.6758571871815047,-2.377633018576336,-0.546584878368289,-1.400714900466793,-0.8067064279571498
XLI,Selling Daily ATM Put,0.009882052226067639,0.010393414499979103,0.03492964156972378,0.013009243161522965,0.04269252048787964,0.20871295984654847,2.029759552689817,3.9101732454698994,0.43399569906138324,0.9742938037531591,1.6905525362374163
XLI,Selling Daily Strangle,-0.0006764152074159036,-0.0014843565654135693,0.007241474179283891,0.003971548771791511,-0.004903937657838142,0.053220445220957036,-0.7252776655316384,1.9449667915844888,0.2533367029020236,-0.18963587858506353,1.0605349748117345
XLI,Selling Daily 25d Call,-0.0060185775108408945,-0.007005887255254084,-0.01244609063217994,-0.0011345793462154141,-0.021705957346903393,-0.021171549070530427,-2.5997033488977905,-2.7438103921695958,-0.0797178699987029,-1.4876690034331583,-0.5816692258041035
XLI,Selling Daily 25d Put,0.00534216230342488,0.005474257161902418,0.019773602371597976,0.0047712165473465795,0.01670417135714053,0.07485142163117775,2.7475338605178754,4.620788247203492,0.28458196585491935,0.7308821256871858,1.2754613930810268
XLI,"Sell 25d Put, Buy 25d Call",0.011360739814265886,0.012313434701156645,0.032203416565133036,0.0050653113170167074,0.03810433669818436,0.09553285949310975,2.9056255653652263,4.040928714012797,0.24918395501550575,1.1898429691833918,1.1519503117961922
XLI,Stock,0.027364208791855527,0.0249515646098748,0.06172839506172889,0.0362675847331877,0.10816300622064179,0.3483163422922464,2.902228038433062,3.6341397006602376,0.8243235212052812,1.7286953480878802,2.02615894358655
XLB,Selling Daily ATM Straddle,0.019522312342404646,0.010088160845552308,0.0152223222713459,0.0364456536716542,0.020011433718544414,2.3501826961485404,1.40390272403816,1.22694618765942,0.9977259205490526,0.4809216714775914,4.727277199682151
XLB,Selling Daily ATM Call,0.004806267122898555,0.008589327817432268,-0.0010560920774727034,0.010770665967631876,-0.04308302289537247,0.6638367329568733,2.7694479917356465,-0.13713250540488978,0.5053806777766349,-1.3086424989514487,3.4669885197577996
XLB,Selling Daily ATM Put,0.014716045219506091,0.0017271693150167078,0.016383152707226456,0.02482125570931304,0.06483783139992916,1.0597755510736575,0.3895151828559202,1.534261519651014,0.7663970433220705,1.4813893968962926,5.186710698064706
XLB,Selling Daily Strangle,-0.00022310250619184124,0.0028066257928915928,0.012276582435487349,0.01642987058014822,-0.005046663553847974,1.2922972595614715,1.475158581624378,3.404067891047879,1.0991895803555944,-0.13020345280138415,4.933478945543041
XLB,Selling Daily 25d Call,0.000548273356105744,0.006668916449748874,0.003648367802657093,0.00675260874565331,-0.020678293507950807,0.4158577614369694,8.394516765742804,0.9264589900603235,0.5309347810204249,-1.132016412868423,4.1742482721985965
XLB,Selling Daily 25d Put,-0.0007713758622975853,-0.0038394539251666027,0.008471188310151367,0.00908289624026093,0.015263576000282608,0.6365180112464104,-2.1613689997853482,2.0276978876624194,0.5515639373341904,0.5381642972948529,4.9447038406253805
XLB,"Sell 25d Put, Buy 25d Call",-0.0013196492184033293,-0.010459998292664086,0.004484929997340181,0.0010502214256227216,0.03495337033462076,0.15446987425612124,-5.401772839678574,0.647267677666327,0.09475760516279731,0.8920580542015897,2.11286299022327
XLB,Stock,0.010007849293563575,-0.005410628019323793,0.020015854141894884,0.01961172741679884,0.12086236933797934,0.27023692003948785,-1.3023077482920669,1.7124823353238086,0.5201527318818878,1.9768082561578695,2.0512047923560512
XME,Selling Daily ATM Straddle,0.014408211775693847,0.01610848162471812,0.04391719630525004,0.04459641016727023,0.027888650719360086,-0.00173840723895069,3.2398689673020598,3.253695995638804,0.9260466371026094,0.5279041540118483,0.0720814869607341
XME,Selling Daily ATM Call,-0.01072085729214134,-0.004993615961934372,-0.017619169480979524,0.04004161764036773,-0.011554242991670294,-0.34226507424411645,-0.6564741656394856,-1.5051038371019103,0.894485126731095,-0.07720972451415144,-2.1007766981501708
XME,Selling Daily ATM Put,0.025129069067835186,0.019821433592878357,0.06126967295667618,-0.0010075019304133237,0.03150385972486913,0.48212423444940833,2.0977826469368877,3.7729719731698594,0.09510389017458418,0.5471880435432939,2.173452211274517
XME,Selling Daily Strangle,-0.0012267266452048453,0.0070280135385376585,0.02997748125080002,0.06806619703473848,0.053097289716256935,0.06245502784769319,2.7391240927846057,6.708694470254534,3.8526009629011786,2.385822760016261,0.8585471655010619
XME,Selling Daily 25d Call,-0.006571501857001949,0.001344105949315333,-0.0017327147325697512,0.05146571085372864,0.01985402302373407,-0.16359077057451665,0.5261964879417133,-0.3716290167600114,3.152005869659823,0.8366322802450417,-1.8418075097621178
XME,Selling Daily 25d Put,0.005344775211796993,0.005604069587758165,0.03163958311218251,0.014513627880657909,0.030683956800720447,0.26277097533514593,2.358944745108954,6.907351766111092,0.6176731934675874,0.9817982109879988,2.682522789541683
XME,"Sell 25d Put, Buy 25d Call",0.011916277068799053,0.004014636150736495,0.033069934449659444,-0.0374320003341182,0.006814798605553785,0.4873625969789315,0.9572710877669806,4.266947162065039,-0.8965253585783491,0.21153021855356804,2.455423404912287
XME,Stock,0.03594799755693234,0.02388754743014898,0.0803457688808007,-0.04634538152610446,0.032883862548933385,1.2068773234200703,1.638424416854517,3.3148960040221893,-0.341146908099659,0.45955017482551763,2.481763555141139
XRT,Selling Daily ATM Straddle,0.009417281498259156,0.00037451385648124,0.030600087449358604,0.05792651812592586,0.04519130907441604,0.14620548794329213,0.15261433061704696,2.104937418564778,1.235527066217125,0.7448326017765501,0.8751573618699835
XRT,Selling Daily ATM Call,-0.0069950977843575846,-0.0068876455569079065,-0.015185342927541923,0.04406597233364917,0.025611314448483746,-0.038105328469515864,-1.1415033261766034,-1.5623729864660434,1.6944125738175204,0.6898527900450746,-0.24759292215009954
XRT,Selling Daily ATM Put,0.01641237928261674,0.007406767660729008,0.04636168453385414,0.013422383016828743,0.019683688058277804,0.18751333803897108,1.0259612799207933,3.777071204576371,0.40686473147468183,0.4482697333482443,1.2541189376739252
XRT,Selling Daily Strangle,0.008924629051321631,-0.00011195965012478215,0.012121629526856692,0.033062514812478794,0.027301815324119794,0.09121524335084619,-0.019066575030373043,0.9673124982486117,1.151528517472801,0.7416149427482087,1.030189880627272
XRT,Selling Daily 25d Call,0.003196297812964044,-0.0004823587119221484,-0.0021066721279543454,0.034913197547741914,0.027832251430355726,0.008059898437509316,-0.19311528038447628,-0.44662099707141206,2.691504422154706,1.5813550104490104,0.16555332076517362
XRT,Selling Daily 25d Put,0.005728331238357587,0.00032606483110653173,0.014158489589886747,-0.0022011233753197468,-0.0010808063920112465,0.08025683475402379,0.17311768889943976,1.1239601955715974,-0.009388715912355433,0.03528878565991028,0.8842741203203027
XRT,"Sell 25d Put, Buy 25d Call",0.0025320334253933208,0.000654302412768315,0.015960026151187412,-0.0369390555456075,-0.02961813543191294,0.06570210700297463,0.21886814499404236,1.1610350401476428,-0.972033700189902,-0.5525224799484659,0.5649409734098277
XRT,Stock,0.023505548263930365,0.015147928994082793,0.06426799007444095,-0.023785137134403445,0.0012839967316444767,0.25924838520258375,1.722435865509632,3.9986692614119317,-0.39531878216266186,0.11805588898102501,1.2064220018753824
XLY,Selling Daily ATM Straddle,0.012563158333037228,0.023575905744987358,0.027794407237822005,0.04711448216983749,0.04588708649790241,2.4746834014651906,6.227163207085572,2.863669640605351,1.5574374991273598,1.19277585311524,5.378351987777272
XLY,Selling Daily ATM Call,-0.00013121337605093153,0.00899154379812317,-0.02322019838175038,0.03510366879430227,0.024076565760551505,0.7035523101652652,2.3698575123496077,-2.3392651039861407,1.5368694010444997,0.8524678417068251,4.20631618927271
XLY,Selling Daily ATM Put,0.01269437170908816,0.014277276799813388,0.05164007441140206,0.009916446180641136,0.019204045861820562,1.0746365217003135,3.603456111143226,5.600101724287997,0.35467521452434286,0.4910073663842639,5.18369296831899
XLY,Selling Daily Strangle,0.006288467268234177,0.010367530956141735,0.018647453900076716,0.02560510505993907,0.026638712351936045,1.4256413738253166,3.452464665770934,3.4074577799940395,1.4341211297592507,1.0309824174778055,5.346049605473544
XLY,Selling Daily 25d Call,0.002711986349942741,0.004917412228683027,-0.009589230357615164,0.02296096482933585,0.023032590755398763,0.49683820662966216,1.9891606881233503,-1.7018661474566155,1.876014713056103,1.4573314775430495,5.53233326897988
XLY,Selling Daily 25d Put,0.003576480918291436,0.005387754359218233,0.028327380189301143,0.0020728868438142367,0.0029605414914826156,0.6339572111806089,2.1869000650997648,5.449533983850802,0.14312035442365248,0.14739297025618178,4.164913190271489
XLY,"Sell 25d Put, Buy 25d Call",0.0008644945683486949,0.0002891319162399153,0.03771440823055228,-0.021534198451043318,-0.02093596071420989,0.09005258461863219,0.11749653070086381,4.07722196773659,-0.6999278686416552,-0.499866854389494,0.9095956154869147
XLY,Stock,0.01292365628209513,0.006120887528691332,0.07786885245901631,-0.019875776397515033,0.002032004064008497,0.2535748331744536,0.9675052217489493,4.744894627511117,-0.2919799128667059,0.1311145598053104,1.8152176046765571
XHB,Selling Daily ATM Straddle,0.007752224113116268,-0.004322607664511979,0.008245365067726107,0.009506820845638142,0.0016966903068069694,0.09461606824909974,-0.21936546106565238,0.524069887010504,0.2906591738468786,0.12341225674808357,0.6100918054206437
XHB,Selling Daily ATM Call,-0.00549430640109605,-0.01968415457838346,-0.02957532788870043,0.027459712686682014,-0.010552630112430572,-0.018819715808412796,-2.3653027141607783,-1.8609894178955095,0.7617006409803646,-0.1105511068008171,-0.044317803918742696
XHB,Selling Daily ATM Put,0.013246530514212429,0.015474851766508202,0.037882336960807894,-0.02010920426014351,0.008040965838756353,0.1028346433525813,1.6829292703440182,2.1039228714591887,-0.3235913054504814,0.22467788160231553,0.6633820213293726
XHB,Selling Daily Strangle,0.0012109873077168487,0.00623898360558961,0.011206280996349571,0.008146757565772988,0.007367427969098506,0.06795854397532719,0.8544341843602627,0.956833695236735,0.34178040270634474,0.2623499856526733,0.8805316285091647
XHB,Selling Daily 25d Call,-0.003147899977881119,-0.004009643391263196,-0.009438626965466379,0.017350388705559938,0.000523769079241454,0.014360633774084697,-1.1894442393118145,-1.4115144489672706,0.958893147744976,0.06083990735140372,0.23785291737756226
XHB,Selling Daily 25d Put,0.004358887285597968,0.01035138147851189,0.020809349603332583,-0.009823229557458846,0.0056482304207463585,0.04939062316916054,1.5280251219392245,1.9341182449342946,-0.27745501066345185,0.21154349093590807,0.5930262778459281
XHB,"Sell 25d Put, Buy 25d Call",0.007506787263479087,0.014228761322063965,0.029970522855217396,-0.02888167885411641,0.001736403419262178,0.02607017143818391,1.9729660343893065,2.352829240137279,-0.6542762348632072,0.11362879359838347,0.2547300301602094
XHB,Stock,0.018838908112264408,0.03556076592418922,0.0684406813829248,-0.047019688932842696,0.016981675141514607,0.1280195807172504,2.7977718469334483,2.579366932441063,-0.5199716425774967,0.32114151846588557,0.5745955510907768
XLK,Selling Daily ATM Straddle,0.011003023307432747,-0.0004614330342165296,0.001566491634655165,0.003109726218965214,0.007643833631760799,1.9886323956554408,-0.05563336286828281,0.25185934609052824,0.1613952852725354,0.23780218662527894,4.20068687240935
XLK,Selling Daily ATM Call,0.0043249800345461775,-0.02399414725820115,-0.07963065483481258,-0.05532879408357694,-0.04534043209657712,0.4045142806658544,-4.657330052682661,-9.763943123741342,-2.0664297143742014,-1.2164133965748292,2.2125903200796975
XLK,Selling Daily ATM Put,0.006678043272886569,0.02369331884492354,0.08726341183078579,0.058966201479495384,0.05211383947166959,1.1495013556056066,4.879168127619581,9.70403310956101,1.4438981390668135,1.04049898165785,4.56372046459854
XLK,Selling Daily Strangle,0.006531808428069219,0.007391914229721852,0.014236027294538545,0.026507608472287725,0.016022579448475627,0.9707597985537588,3.2210224109613836,3.373727463473726,1.582071615312052,0.7451842823578834,2.6908377056243507
XLK,Selling Daily 25d Call,0.0015936184186604585,-0.01060535331635537,-0.037630387327528325,-0.017088665815925608,-0.016755468215229663,0.36311816565154387,-6.535822970510361,-10.740096939179313,-1.4700869813459496,-1.0997903251398042,3.537006513756823
XLK,Selling Daily 25d Put,0.0049381900094087605,0.018153202309430183,0.05371090713983406,0.04374601949295953,0.03249464213489994,0.45556975185723236,8.828779713052159,12.539044239084445,2.1102215455665894,1.1747045312336148,1.761094481303848
XLK,"Sell 25d Put, Buy 25d Call",0.00334457159074808,0.028956520669114916,0.09447827070812997,0.06068785735566906,0.04850198952053786,0.06459919773095013,9.935633743193637,13.905919396870003,2.0954408243968063,1.2633581427001526,0.4152724987023435
XLK,Stock,0.0024511344352962094,0.0492040520984085,0.18226966125565247,0.1240310077519382,0.10671662503469337,0.5617350435719184,5.455899127000268,11.04222947734761,2.0245227098511247,1.4078991109765795,2.4297551632912024
SMH,Selling Daily ATM Straddle,-0.0008149875963910924,-0.007480807014514257,-0.006298721486622916,0.012188896727700627,-0.007156145403367731,0.07805721443090641,-1.3804910941747288,-0.5280639960656655,0.35806531495220195,-0.04221390801188044,0.5794486685299575
SMH,Selling Daily ATM Call,-0.007504460841937122,-0.057494064182950666,-0.12534935561214955,-0.11424797650571905,-0.15076686184112986,-0.33702110261231666,-6.920490352891624,-8.987996739014262,-2.5059502418298183,-2.694824675393583,-2.609969252957575
SMH,Selling Daily ATM Put,0.006689473245546029,0.051861978030939726,0.13371082386240296,0.13602488343775576,0.16046977263431117,0.5984763441970489,9.206270123540335,12.05517122133097,2.5777027173902494,2.371669478925809,2.7420381308953785
SMH,Selling Daily Strangle,0.009721859500133823,0.00451097398371636,0.013051271078504456,0.02987982491287844,0.021444065654322886,0.1113118933332986,1.4086388113629182,2.5770198808577303,1.546414231341614,0.9043694066474087,1.6055742810220013
SMH,Selling Daily 25d Call,-0.0017541540180329163,-0.027123690340441153,-0.0603917479800149,-0.04762016588097928,-0.06709933372119581,-0.15651519875248499,-6.342020900942468,-8.094793108128297,-2.4206422834966004,-2.598381290239411,-2.307052658009904
SMH,Selling Daily 25d Put,0.01147601351816685,0.03222179933464897,0.0774796144967207,0.0794334676591355,0.09246914470468948,0.3109446610701294,10.228353200365,12.762621489188057,2.7186020766156855,2.5030504476493425,2.925574941236254
SMH,"Sell 25d Put, Buy 25d Call",0.013230167536199877,0.06018143695588374,0.14500567376919093,0.1295137365675798,0.16590645391506276,0.5381998069456022,8.758386315757877,10.822697585501494,2.781327963890858,2.7246916787136803,2.873648735451595
SMH,Stock,0.01429200528443908,0.11416007036059783,0.2927519963262495,0.27419030376181985,0.3574069113313698,1.4058493970183266,8.352252967392975,11.275350773802506,2.9724339588903423,2.9262351898889913,3.1242098797320237
ARKK,Selling Daily ATM Straddle,0.016064388451229927,0.019530239073365374,0.02949867718049881,0.029522720113591472,0.015702545068589258,0.08393136190880846,1.7507023491811358,1.6269035294329288,0.6731695569405235,0.34145644844670586,0.5234499117278688
ARKK,Selling Daily ATM Call,-0.007626644512912284,0.019624424396842644,-0.03744268541853457,-0.008940467596601831,0.01579577769049667,-0.16008057580849366,3.8406577757700084,-2.802989446728233,-0.10974053264035234,0.36172480975849486,-0.9068693640959123
ARKK,Selling Daily ATM Put,0.02369103296414221,-0.0004990008544026869,0.06801126792810952,0.030919727434727262,-0.008932421642283028,0.2577375885555393,0.09981966860988921,3.365817370695194,0.5988093259064067,0.014039055717907785,1.0933555816702587
ARKK,Selling Daily Strangle,0.0022281023502832564,0.005215422701239536,0.020327366475910935,0.0320061410716328,0.03774959434831682,0.17292351646155613,2.446299570171869,5.402396001424459,1.5158347677806958,1.4252049690692477,1.7731747124421275
ARKK,Selling Daily 25d Call,-0.006749859330221986,0.009093112345185617,-0.01779476243697753,0.00605130563182521,0.025119556998398407,-0.0289566389288185,3.0714663308086627,-2.589788051396684,0.33213285776570534,0.9890091424637115,-0.29141087494077694
ARKK,Selling Daily 25d Put,0.008977961680505242,-0.004032800784660506,0.038245155890765936,0.023798017401436944,0.009948447932337734,0.20104791828260815,-1.1146611072128922,5.191474192939639,0.8203017666810912,0.31129425310036185,1.717150249041064
ARKK,"Sell 25d Put, Buy 25d Call",0.015727821010727228,-0.013402592649844558,0.05587965378408333,0.01383329917030629,-0.019172475717130766,0.22049074907574306,-2.12783899672975,4.077884400100997,0.38343500333781133,-0.22091088210985158,1.2179097078041656
ARKK,Stock,0.031415748674010535,-0.019394879751745697,0.10877192982456152,0.03267973856209205,-0.03154131017750006,0.4717640209586649,-1.1687533230520646,3.8161738834519117,0.527537525466936,-0.06472547136321397,1.2293229212616614
IBB,Selling Daily ATM Straddle,0.0038211410014343805,0.002875217813194997,0.028280764625171928,0.012348323661643956,0.0007102218644803315,0.05621560256032665,0.7353547717297638,3.244126246483321,0.44782568953904306,0.08578715000751024,0.5152871631646931
IBB,Selling Daily ATM Call,-0.00804764991725182,0.01767819373377333,0.0188534122407924,0.02165753247961444,0.00832214324535352,-0.12684527904861098,4.402479977933353,2.2086366075884953,0.859854259460488,0.2756976770341406,-1.2112049180347717
IBB,Selling Daily ATM Put,0.011868790918686312,-0.014794169122520517,0.008752030135098954,-0.01111210865825174,-0.009968711261404528,0.20077645413961664,-3.187417457770257,0.9978629918605315,-0.23473900669552178,-0.15248187192396018,1.4556104599943986
IBB,Selling Daily Strangle,0.005545336700083947,-0.00320223474569048,0.00916071400936902,0.013445967161359818,0.010243622879469783,0.09564461661056001,-0.9730888711308849,1.769590968453249,1.0097136641358035,0.5946079508131096,1.8788821398575657
IBB,Selling Daily 25d Call,0.004093666927388551,0.010190390318372877,0.008386706748995332,0.022200268789951183,0.011784300772495815,-0.030606874054871835,5.7143308291543224,2.3777161973012486,2.1056701223753347,0.7270862714944608,-0.6343802998392755
IBB,Selling Daily 25d Put,0.0014516697726953964,-0.01327262409926322,0.0006907000421494391,-0.00899004963357053,-0.002104180034323111,0.12804209548641698,-4.984878065404681,0.1624014919558183,-0.5045305005651349,-0.0715497914187542,1.9334551053877647
IBB,"Sell 25d Put, Buy 25d Call",-0.002641997154693043,-0.023321994636360532,-0.007860853174053606,-0.03138119246131643,-0.015167696377853979,0.15879351115594953,-7.262347977242331,-1.036592464548673,-1.253033945613948,-0.41770712017217826,1.5200104676864903
IBB,Stock,0.02001451203289406,-0.031185389386629514,-0.008464115676247164,-0.02867507341509712,-0.014200561009817148,0.40411186948560296,-4.096195451218659,-0.44989731363248847,-0.41868573750580984,-0.08939822918275371,1.7379724522735678
ARKG,Selling Daily ATM Straddle,0.017261142852027733,0.0442106427195299,0.06587576560145014,0.06753746918459869,0.04712705846113141,0.16378353268359702,6.139230750934812,3.8124283521626547,1.0598562247593184,0.5962725721019768,0.6435300812748483
ARKG,Selling Daily ATM Call,-0.014804444850727294,0.020059623554522732,-0.01981513276025082,0.0337691123658137,0.003738545480925115,-0.09016153674266847,2.729799241674368,-0.9454061994039489,0.7696965690077149,0.15909969529495008,-0.320266462605831
ARKG,Selling Daily ATM Put,0.032065587702754916,0.022348472362450078,0.08483926231778582,0.026459663727843585,0.0366311878989134,0.2546808356797168,2.1919060825256067,4.643156593673198,0.5038648501800941,0.5047990921212538,0.9165129851347827
ARKG,Selling Daily Strangle,0.001405845027298458,0.004129653286032209,0.019438735639645488,0.05065025460756489,0.06999267232965067,0.20229971432146687,1.2440073574971466,1.8485557441934917,1.8333994034343748,2.0319375332875946,1.9755952244492927
ARKG,Selling Daily 25d Call,-0.009594213667437845,0.0021544261860733105,-0.015163534285506097,0.02923001611307363,0.03147760914875675,0.018402242848883477,0.5763513755375447,-1.6222268257160686,1.350189048236708,1.1190105947887212,0.23006167064762878
ARKG,Selling Daily 25d Put,0.011000058694736303,0.001568490944339196,0.03433518641929956,0.01902095289181238,0.03498387284179594,0.17124956319160822,0.34573376611327966,2.758243537164328,0.6278005877600423,0.8707997617488458,1.3699400798165264
ARKG,"Sell 25d Put, Buy 25d Call",0.02059427236217415,-0.0013589639096547312,0.04840623486361295,-0.01365825259741349,-0.0014439603782530064,0.1292980490558917,-0.0465969433146607,2.5860209007494146,-0.17317379598351318,0.07639851897645447,0.7026007887005277
ARKG,Stock,0.04696810375043814,0.00100536193029499,0.10262089331856772,-0.01484168865435409,0.023646333104865525,0.3406642728904852,0.25150046292095224,3.193418038211268,0.07415626612489912,0.38196190681784875,0.9110511054343917
XLU,Selling Daily ATM Straddle,-0.0038533155233458904,-0.007951737918200807,0.01278912000284671,0.027933796075714445,0.030114619632680695,2.2918433953105986,-2.133928249914144,1.4862547785674731,0.9282001325925269,0.6896916367898437,4.169824449047254
XLU,Selling Daily ATM Call,-0.014684102023089896,-0.009303356322291623,-0.000986110010035457,-0.02722644189480472,-0.025778965096413864,0.673414232392985,-1.8468601799879625,-0.06526262039265406,-1.0522610733543694,-0.6811172400269808,3.25977848642929
XLU,Selling Daily ATM Put,0.010830786499744116,0.0009502401626959589,0.013393193341039389,0.05592775652994808,0.05684195528307057,1.0068161031668854,0.24527281288130384,1.6257693032891536,2.060478168738204,1.5500812783948632,4.323852721036413
XLU,Selling Daily Strangle,0.0007021444237225172,-0.009154073663148021,0.00490437143268907,0.009872399866800441,-0.01876784989946445,1.006379396656067,-1.1289207056402946,0.5130881990029362,0.4833537063832446,-0.3886676568175919,2.854801088915703
XLU,Selling Daily 25d Call,-0.003129787994684774,-0.0014036409200136601,0.005626964684185998,-0.008783528498817916,-0.016844301644906468,0.4431374191005639,-0.6753829679543403,1.5417845587887433,-0.5850606744251116,-0.5781221255203696,3.9247750709604152
XLU,Selling Daily 25d Put,0.003831932418407291,-0.00787319843582579,-0.0008322841239788437,0.01851050909858154,-0.0025116803401851184,0.4026963696384329,-0.9055369032547278,-0.006890932365842702,0.9129825094725665,-0.011055261339156812,1.7572771117226431
XLU,"Sell 25d Put, Buy 25d Call",0.006961720413092065,-0.006682262217210022,-0.006700175529413044,0.02634586420634788,0.011672181515647972,-0.030154949814323206,-0.6650130421420527,-0.4610928425258766,0.9802549968259152,0.31087530956730997,-0.038298772283809436
XLU,Stock,0.02561295971978983,0.010787486515641653,0.016048579483842973,0.09105728924080259,0.09258395522388008,0.2354957805907163,1.263741929723854,1.191822811366875,2.1989702374349296,1.7188531393944664,1.6393232505064608
XLV,Selling Daily ATM Straddle,-0.0015446914984348359,0.007951032933143587,0.02078312539861371,0.05249639725827926,0.02986835209741101,0.13622566334981645,1.5847363020423153,2.64926338367096,1.571142026363081,0.6826459634721119,0.8629689290954852
XLV,Selling Daily ATM Call,-0.011749633309518615,0.006482037542625996,0.01719516574072455,0.0551136722775718,0.04979766554645715,0.052090078202866374,1.7191349408301,2.5804426594148686,2.6702251351919553,1.716313710333812,0.5710277939164145
XLV,Selling Daily ATM Put,0.010204941811083668,0.0013133485271790146,0.0032036212112029894,-0.0027451841496699547,-0.01907498775288563,0.08028039186477964,0.31966455679485617,0.428628455319795,-0.032033522762206036,-0.42845287783575553,0.6640355163918427
XLV,Selling Daily Strangle,-0.002069516730511256,0.00034144715267170334,0.010728153710741095,0.02003614024459144,0.017764844516463985,0.02584583541152119,0.30393153504437986,3.9948011117235995,2.202226054495767,1.4823082125040226,0.5680948037818533
XLV,Selling Daily 25d Call,-0.006768551444735205,0.001293619359012288,0.008888930735946987,0.026418598017194928,0.02610096521650318,0.027877746522983582,0.6601409489178891,2.464994500389161,2.8621320268856865,2.148850297299386,0.6549932318367554
XLV,Selling Daily 25d Put,0.004699034714223949,-0.0010201936079652363,0.001698726769963299,-0.006537983157657967,-0.008494143119703423,-0.003183654415137682,-0.5365239255639601,0.4625306604352133,-0.5053732193986972,-0.5279038442167803,-0.034987819109174374
XLV,"Sell 25d Put, Buy 25d Call",0.011467586158959264,-0.0024729247064416704,-0.007409301729754736,-0.032766864093375925,-0.034517315084694467,-0.03321638099041169,-0.6305272410299627,-1.0216323530934126,-1.6436034399113695,-1.3651421362031388,-0.361258541106207
XLV,Stock,0.0220526463175581,-0.004228906623013562,-0.011778244093955226,-0.048739167263960104,-0.05733841286240027,0.05782189696398876,-0.504001105873625,-0.829564663054545,-1.249004165610893,-1.1161996532593008,0.4325150745646953
XLP,Selling Daily ATM Straddle,-0.001465260019205994,-0.0010381964125842913,0.008495780708256406,0.028274520595730213,0.01459905316325516,0.2599737175889272,-0.29556648275171465,1.595276204124286,1.2912931397936602,0.48916850190813743,1.5203287189429397
XLP,Selling Daily ATM Call,-0.009065167011221509,-0.01736984999194624,-0.01214646749547088,0.023166238417483775,-0.032389895157439175,0.10991185918600799,-5.421902951012027,-1.8548266725031937,1.2098093793634286,-1.1313296940645587,1.125641862654804
XLP,Selling Daily ATM Put,0.007599906992015404,0.0164279262152478,0.020448051738023887,0.004151927707991998,0.04745546270098955,0.1380848837352735,4.4427423832071335,2.6826823426686124,0.22822945008978793,1.526974918023355,1.2663045746154227
XLP,Selling Daily Strangle,-0.00022332637476374373,0.0013144837442677915,0.006375371495555449,0.011952712715249225,0.004223939540799471,0.030485740806336592,1.936880077205209,2.5358592383988614,1.177680002396507,0.3184041129698153,0.6506217754622196
XLP,Selling Daily 25d Call,-0.0033504267552219025,-0.007655981507561971,-0.004305330129322549,0.009713681305918653,-0.017186900437832997,0.03651184689629594,-5.266280298498154,-1.5511943097072207,0.8451681976696028,-1.054783910160712,0.7788336211152463
XLP,Selling Daily 25d Put,0.0031271003804580477,0.008984470132799016,0.010623550487875333,0.001873657963367359,0.021347376509036176,-0.006751704170712358,5.6013298001396175,2.7090400527306455,0.186357568756428,1.4491962685345263,-0.1325427494025915
XLP,"Sell 25d Put, Buy 25d Call",0.006477527135679839,0.016658788393073554,0.014796984404192859,-0.008673556066513988,0.037938623352700596,-0.04480563543295357,5.575289815629176,2.3676249021531195,-0.3734787113511197,1.3999844919272688,-0.5498295916194424
XLP,Stock,0.016763145200193064,0.03536780056490274,0.03498649643997087,-0.01264785103642141,0.09125032358270757,0.058771819665957015,5.726511691568144,2.7064650723099435,-0.27628526212503574,1.843989672472663,0.5184120493066576
VNQ,Selling Daily ATM Straddle,0.00590504789660784,-0.0012721065953804622,0.0057482387774030475,0.04246628708047351,0.03363018240397486,0.3705685485290553,-0.20535839362483743,0.7663370655379689,1.638241549202376,0.8570158842003596,1.3534551721414487
VNQ,Selling Daily ATM Call,-0.004532687028560578,-0.006295860282614085,-0.03501262646461889,-0.01733371765221825,-0.02171046604326865,0.11492516108478812,-2.0138098487386196,-6.811510951340251,-0.9187690969649495,-0.8712269457994194,0.9038690764284983
VNQ,Selling Daily ATM Put,0.010437734925168307,0.004899482856118853,0.04194265126493879,0.06021508740274184,0.05626967796755111,0.24405800563529456,0.9880978821641303,4.899281997951567,2.366062826257551,1.5547914912397107,1.450580659614073
VNQ,Selling Daily Strangle,0.0019765298636560402,0.0019633756244437084,0.008782370642502979,0.016854683534696324,0.01773262742525672,0.09390835610469761,1.8495836327210389,3.8793754140961543,1.8540188520321335,1.5427304544312186,1.6886781488286013
VNQ,Selling Daily 25d Call,-0.002008335871049427,-0.0024614023911699867,-0.01504041586806426,-0.0060007718583522385,-0.0056256494510456,0.07344050647449141,-1.6488370160567198,-5.640452755359615,-0.7493479213487865,-0.5174164565865625,1.9134592632143361
VNQ,Selling Daily 25d Put,0.003984865734705467,0.00437799194584132,0.024068351809623856,0.022736814074871603,0.023152087747681183,0.01842854368959368,2.229757214427145,6.332018297119276,1.9153004338271489,1.5332183056848692,0.372827618500098
VNQ,"Sell 25d Put, Buy 25d Call",0.005993201605754894,0.006748007569477021,0.03948544725708314,0.028390264041439517,0.028238951098723986,-0.05318690951442584,2.0593340038281553,6.351718662875489,1.5939424665562885,1.2243076323685653,-0.7040475196751113
VNQ,Stock,0.015068493150684814,0.012295081967213406,0.08211637834194607,0.08589786946229339,0.08945939832616978,0.15559021113243832,1.8003045595780762,6.899863857157221,2.3968205351050433,1.946773471226229,1.1405720682367144
XLRE,Selling Daily ATM Straddle,0.0011798481087592627,-0.0058038079403240905,-0.00020238443102982284,0.012501365933183628,0.02044430169096234,0.3616209816223317,-1.3083506636308724,0.007743446809650016,0.4747451840199473,0.5869070842604635,1.6267426797464049
XLRE,Selling Daily ATM Call,-0.00806864804650087,-0.009217653942561466,-0.03897546116960726,-0.03572495479984761,-0.03230053434104785,0.11567047049759593,-2.6773240683723194,-6.797758505721284,-1.805402435670816,-1.2707689533277533,1.0263438233378923
XLRE,Selling Daily ATM Put,0.009248496155259911,0.00322318288890866,0.039927973170208464,0.04946051094155779,0.05378266507015317,0.2274505517487857,0.6890055250139369,5.013144270431386,1.8103918810566082,1.527077104058313,1.637748086218476
XLRE,Selling Daily Strangle,0.0032893115485843616,-0.003068807686098074,0.0024633830309952476,-0.056524638397709936,-0.06238939963091317,-0.023607602359256075,-0.9591002428960411,0.5127711850181156,-0.835614211796668,-0.8133901858066607,-0.09479786824642351
XLRE,Selling Daily 25d Call,-0.000597081370901531,-0.0029554063757898374,-0.01535998785726711,-0.013307561490951691,-0.011543868472679408,0.05667426010421828,-1.2403879030325455,-4.072330845420723,-1.2458375238400952,-0.8796200786228989,1.2922984191659552
XLRE,Selling Daily 25d Put,0.0038863929194858926,-0.0001424992534059255,0.01803003080665211,-0.04367420890305029,-0.05137548687620219,-0.07601610369917278,-0.026173701590623467,3.9181110473477645,-0.6320975030573253,-0.6640178984913785,-0.5127545797898452
XLRE,"Sell 25d Put, Buy 25d Call",0.004483474290387424,0.0026678316878798736,0.033650118957330166,-0.031099452785348425,-0.04073769656674975,-0.12727859770979433,0.7410398518502207,4.991674425035388,-0.40550096098242006,-0.49036097470224677,-0.8808137935743626
XLRE,Stock,0.01741521539871682,0.013467244921250732,0.08424908424908417,0.09521460286137295,0.09819441009151664,0.13671274961597613,1.8622047368664567,6.698032974771083,2.519420730000785,2.0240827596396262,1.0108802728525135
ITA,Selling Daily ATM Straddle,0.0034496602813154364,0.00959911045788786,0.017819997269664656,-0.006056756038026689,-0.00630361128061252,-0.029766682712069392,2.1742866729835724,2.2198017440219617,-0.19917939276901264,-0.1649959160409044,-0.08923605066600131
ITA,Selling Daily ATM Call,-0.010940781910296682,0.02836176491560538,0.020016209698998644,0.030815115309227536,0.02153752952106114,-0.19045505086838732,6.305225834798946,1.927983411089613,1.0262302702965453,0.6073521822991298,-1.581796082298528
ITA,Selling Daily ATM Put,0.014390442191612118,-0.018867066008291355,-0.003400233218106341,-0.03926252296548438,-0.03145897611058124,0.19385934735139432,-2.578635464099187,-0.19250571424054452,-1.0197744674211824,-0.62490236414297,1.3160387910201827
ITA,Selling Daily Strangle,-0.0015417302066855765,-0.0012711162270545584,0.005453534091477863,-0.006209204812300695,-0.012242408936717353,-0.02516888873088441,-0.5020785095232257,1.5252283678292866,-0.44163076196167284,-0.7039495920266977,-0.2767295197506057
ITA,Selling Daily 25d Call,-0.008725040452051025,0.01350477816647322,0.010240294751178824,0.0170426653577882,0.011296091618901771,-0.10271814151846315,5.467215330061106,2.0828047950384074,1.1211987149305012,0.5981078229385283,-1.6019728202287464
ITA,Selling Daily 25d Put,0.0071833102453655595,-0.01475128400630088,-0.005063787203122283,-0.02395828063792882,-0.02455877257178618,0.08357507398193076,-4.032139084419702,-0.7386740144391453,-1.0680638878586484,-0.8826974575092907,0.9907601819242713
ITA,"Sell 25d Put, Buy 25d Call",0.015908350697416473,-0.028201416379929123,-0.01576509609977772,-0.042344377394632815,-0.03791026773148887,0.19911491614587562,-4.908491154631557,-1.3759909389182616,-1.148201924475366,-0.8065118236261327,1.4718258517997245
ITA,Stock,0.025429295298864618,-0.04571453521372737,-0.022715077803612815,-0.06733805581633512,-0.049986959923497554,0.5033704773696517,-4.0945729448920165,-0.9137633817701809,-0.9583458098708624,-0.5167543243296819,2.046889181548746
